id,domain,status,purchase_price,renewal_price,attractiveness,demand,length,registrar,created_at,expires_at,status_verified_at
4698ba6f-71cd-4e57-941d-2b2f9cebef77,dorothy.lat,available,1.99,32.49,high,low,7,namesilo,,,25/09/2026 14:18
ef643d70-cfda-4ff7-a1dd-0e23449c7f74,passionately.lat,available,1.99,,high,low,12,name.com,,,
f3b1433c-7a12-4ac0-a663-708c003cb2c0,truncate.lat,available,1.8,40.98,high,low,8,namecheap,,,11/09/2026 20:40
569d9997-8dfb-4afb-80bf-8fa40dfae738,jupiter.lat,resell,,,high,low,7,"Spaceship, Inc.",10/12/2025 06:31,10/12/2026 23:59,
426f9702-5157-4e3d-9e58-72381c8a59c0,gently.lat,available,1.99,,high,low,6,name.com,,,
0e662fcc-eb6e-4d07-8229-2169d5989c36,unsocial.lat,available,1.8,40.98,medium,low,8,namecheap,,,12/09/2026 20:11
d8bf1e87-9ab1-49e5-9f8b-53a8b2991040,abounding.lat,available,1.8,40.98,high,low,9,namecheap,,,
5893b37f-40b4-4f53-ae30-fc44060ec57e,kennedy.lat,available,1.99,32.49,high,low,7,namesilo,,,25/09/2026 23:14
68e2ca60-279b-4b9e-a502-b50c32f5bc85,mythologic.lat,available,1.8,40.98,medium,low,10,namecheap,,,03/09/2026 12:33
bb48051f-bbbf-413b-ab14-61212a66ff90,unedited.lat,available,1.8,40.98,medium,low,8,namecheap,,,12/09/2026 08:51
24390a9a-d605-434d-acf5-027e3d228408,washed.lat,available,1.8,40.98,high,low,6,namecheap,,,13/09/2026 08:31
2f66f2fd-fbd8-4b5f-a675-082470a324e6,dazzlingly.lat,available,1.8,40.98,medium,low,10,namecheap,,,14/09/2026 10:58
b641564d-b763-44bf-8785-24b107044085,wintery.lat,available,1.8,40.98,medium,low,7,namecheap,,,13/09/2026 12:39
20273fe5-497b-43ef-8ee7-e2a73e229c70,inglorious.lat,available,1.8,40.98,medium,low,10,namecheap,,,21/08/2026 18:25
74043bba-f624-4fd8-9822-aca55d1b5c85,monkeypod.lat,available,1.99,32.49,medium,low,9,namesilo,,,18/09/2026 03:14
5f911876-1dc4-47d1-916b-28156a0fb9fe,diffusive.lat,available,1.8,40.98,medium,low,9,namecheap,,,14/08/2026 07:10
faa6ff04-9db8-40a5-aacb-6bf40a7d37a8,annulated.lat,available,1.8,40.98,medium,low,9,namecheap,,,
54ace7b3-3e48-48fb-98ce-3d94fe23372e,aril.lat,available,1.99,32.49,medium,low,4,namesilo,,,20/09/2026 05:30
737d68f4-8d64-4b19-b353-b2012a16131d,continual.lat,available,1.99,32.49,high,low,9,namesilo,,,23/09/2026 22:10
082449ac-f38c-4c2d-9cdb-cd2044c14c4d,ossified.lat,available,1.8,40.98,medium,low,8,namecheap,,,18/08/2026 13:15
c54fca55-18f5-4d26-8d0b-13f3708b23b9,plush.lat,available,1.99,32.49,high,low,5,namesilo,,,25/09/2026 15:37
4d3449c2-cc8a-4fc6-b570-da85e0461fb0,squarish.lat,available,1.8,40.98,medium,low,8,namecheap,,,10/09/2026 17:29
23579f41-e7b6-4efb-b1ce-31bbb523e909,learn.lat,premium,2500,,high,medium,5,name.com,,,
04ceb409-f4d5-4f65-baef-935c092e816a,minor.lat,available,1.8,40.98,high,low,5,namecheap,,,25/09/2026 20:28
c9719bf9-0922-46fa-9e46-ba68d960a74b,blowhard.lat,available,1.8,40.98,medium,low,8,namecheap,,,11/08/2026 01:19
226803ec-9052-4790-a061-d6521fb1ed40,damages.lat,available,1.99,32.49,high,low,7,namesilo,,,18/09/2026 18:40
5b6f972c-b246-409a-8ade-f251682acafd,disarray.lat,available,1.99,32.49,medium,low,8,namesilo,,,24/09/2026 17:15
9384b507-6295-4bb7-91c8-235e24977d7d,benedict.lat,available,1.99,32.49,high,low,8,namesilo,,,23/09/2026 07:52
650209c7-c18c-4d7f-9e86-0f72addfd880,whacking.lat,available,1.8,40.98,medium,low,8,namecheap,,,13/09/2026 11:09
c848e8f8-6941-4fed-8f9e-10ee645f2dd2,atheism.lat,available,1.8,40.98,medium,low,7,namecheap,,,20/09/2026 20:31
5ca13280-028e-4130-aced-74621031752d,allometry.lat,available,1.8,40.98,medium,low,9,namecheap,,,18/09/2026 11:57
ad3fda68-8e29-45a4-bc5c-c72dd6ca3bb6,organization.lat,available,1.99,32.49,high,low,12,namesilo,,,25/09/2026 03:13
3d576b02-dfba-4dbb-8870-148fb1476cbe,looted.lat,available,1.8,40.98,medium,low,6,namecheap,,,24/08/2026 09:45
e514af01-7c6d-404e-8f67-e9bc84a8b17b,latvian.lat,available,1.8,40.98,high,low,7,namecheap,,,22/08/2026 20:47
0422d822-2482-4aab-b769-54d9cffc7563,helpful.lat,available,1.8,40.98,high,low,7,namecheap,,,21/08/2026 06:37
97b4c106-fa12-4c11-ae4e-09e54a980c95,acquiring.lat,available,1.99,32.49,high,low,9,namesilo,,,17/09/2026 02:42
7fbbc533-257e-4e29-9eda-97ad3f611d63,annotation.lat,available,1.99,32.49,high,low,10,namesilo,,,19/09/2026 10:38
9aa3ede6-d36f-448f-8c68-0eef6ee49805,damage.lat,available,1.99,32.49,high,low,6,namesilo,,,25/09/2026 04:36
7479338b-4c50-41a5-97b3-b96ea7606918,overeasy.lat,available,1.99,32.49,medium,low,9,namesilo,,,16/09/2026 17:44
db26aa2e-7eb9-4136-a6d8-41627fc382bd,cleaner.lat,available,1.99,32.49,high,low,7,namesilo,,,
4897a4b0-64da-4288-af3b-5fc3be6587b7,dumbstruck.lat,available,1.8,40.98,medium,low,10,namecheap,,,14/08/2026 21:06
dc8fe662-c880-40cd-b6fd-114c9a107669,mesic.lat,available,1.8,40.98,medium,low,5,namecheap,,,24/08/2026 21:11
ec35ff22-06da-4ed6-95d8-a72df039c641,mazed.lat,available,1.8,40.98,medium,low,5,namecheap,,,07/08/2026 12:07
6afdf4f0-10f5-455f-90ad-9307ddd39c3b,logistics.lat,resell,,,high,low,9,"GoDaddy.com, LLC",05/05/2026 17:00,05/05/2027 23:59,25/09/2026 14:40
0ce72e2d-545c-4fab-9a1b-de55287a96c2,screenshot.lat,available,,,high,low,10,,,,
9431c54a-2478-4b86-97e8-2a2313b86010,breasts.lat,available,1.99,,medium,low,7,name.com,,,
c45bd45d-3d23-46d7-951e-613e546151a2,asala.lat,available,1.99,41.99,medium,low,5,name.com,,,16/09/2026 12:33
e160a504-dec8-44ee-ba2d-05b89965912b,raptorial.lat,available,1.8,40.98,high,medium,9,namecheap,,,09/09/2026 10:23
1e96981e-0e99-4877-97d6-aaf4026510b0,probative.lat,available,1.8,40.98,medium,low,9,namecheap,,,09/09/2026 02:27
ce489d7e-6e17-44a7-896f-e7e5d0ce66c3,baptisia.lat,available,1.8,40.98,medium,low,8,namecheap,,,22/09/2026 03:24
02ea175a-e961-4fb0-91d6-5f6ed448398a,sign.lat,available,,,high,low,4,,,,
34b60192-0b3e-450c-a919-1d4fcf06fb5b,puku.lat,available,1.99,32.49,medium,low,4,namesilo,,,17/09/2026 07:35
9ce5095f-cb14-44f7-8fb7-b661dbd9a25f,cummings.lat,available,1.99,32.49,medium,low,8,namesilo,,,25/09/2026 04:27
e2dcda21-601e-47b7-a342-6b5a8770d1f8,nonlethal.lat,available,1.8,40.98,medium,low,9,namecheap,,,03/09/2026 19:40
4d6c261d-5d65-495d-813f-737c533a2346,nolan.lat,available,1.99,32.49,high,low,5,namesilo,,,25/09/2026 15:37
bbf4e678-07a5-4bec-ad0e-186078804214,expertly.lat,available,1.8,40.98,high,low,8,namecheap,,,14/09/2026 17:05
5cbd3685-922c-400a-9805-a7f929e4917d,stealthy.lat,available,1.8,40.98,medium,low,8,namecheap,,,18/08/2026 19:00
5e016c1f-3e24-4704-a89f-e5300cad8b15,collar.lat,available,1.99,32.49,high,low,6,namesilo,,,20/09/2026 09:02
0b3e90cf-99b1-4ce4-a49e-199b372fc628,artery.lat,available,1.99,32.49,high,low,6,namesilo,,,20/09/2026 10:30
ee6de9d9-ba20-498b-b463-a6172705c026,mushy.lat,available,1.8,40.98,medium,low,5,namecheap,,,09/08/2026 00:58
3fa43a8e-0208-44d9-8790-470921cf9dbe,smallish.lat,available,1.8,40.98,medium,low,8,namecheap,,,10/09/2026 11:46
761ac43f-737e-416b-a354-4f2dad329cfb,briefcase.lat,available,1.99,,high,low,9,name.com,,,
a8844542-bc97-44c0-b22e-6d789bf856db,metameric.lat,available,1.8,40.98,medium,low,9,namecheap,,,24/08/2026 21:39
2f8c5b79-4c3b-4e90-bbfe-31149ff566f1,fashion.lat,resell,,,high,medium,7,"Soluciones Corporativas IP, SL",31/07/2015 14:14,31/07/2027 23:59,20/09/2026 06:18
e17627c5-7361-4693-8e9e-c9a5a313183d,goldman.lat,premium,2660,2660,high,low,7,namesilo,,,25/09/2026 05:32
2413e7ef-1c64-4e56-8f2a-a2feea55037b,uracil.lat,available,1.8,40.98,medium,low,6,namecheap,,,11/09/2026 22:36
c24daab2-ecc8-4994-9f96-a8755229c3cb,jordanian.lat,available,1.8,40.98,high,low,9,namecheap,,,22/08/2026 14:01
f001e547-9cc8-4f87-a56a-6162eb378e88,biochip.lat,available,1.8,40.98,high,low,7,namecheap,,,23/09/2026 17:46
ffd8c8af-6e05-48ba-bcc5-552d4484f03c,snub.lat,available,1.8,40.98,high,medium,4,namecheap,,,10/09/2026 12:47
d2d1c6d9-79f8-4d09-8485-4ba82360b000,weekly.lat,available,1.8,40.98,high,low,6,namecheap,,,21/08/2026 05:36
35628813-3af3-4a7f-8000-aea197263393,activism.lat,available,1.99,32.49,high,low,8,namesilo,,,17/09/2026 05:15
cfb088e1-61f9-41a6-8620-c38f0b8acddd,waker.lat,available,1.8,40.98,medium,low,5,namecheap,,,20/09/2026 08:31
f47720a9-2d32-4826-807a-cb01aa347b50,space.lat,resell,,,high,medium,5,Dynadot Inc,23/06/2026 00:13,23/06/2027 23:59,26/09/2026 03:26
7232a462-4f95-465e-a724-decb8a216b46,rowland.lat,available,1.99,32.49,high,low,7,namesilo,,,25/09/2026 15:13
a37192bb-1185-42af-94e0-50d85b43db82,finding.lat,available,1.99,32.49,high,low,7,namesilo,,,19/09/2026 14:57
32ef9043-f3c9-4ded-bb41-435347b45f24,belt.lat,available,1.99,32.49,high,low,4,namesilo,,,
defa08b0-69a9-47d5-bdab-20d1ccd7a755,osmium.lat,available,1.99,32.49,medium,low,6,namesilo,,,20/09/2026 23:48
c79dcfa2-c8b8-458d-844d-4cb5d797fe25,attention.lat,available,1.99,32.49,high,low,9,namesilo,,,
90a05527-17b2-4b7a-8278-f22a8afec09f,douglass.lat,available,1.99,32.49,high,low,8,namesilo,,,25/09/2026 22:23
b9e70a90-971a-4bb7-86b4-4f11d7c8a10e,alphabetic.lat,available,1.8,40.98,high,low,10,namecheap,,,22/09/2026 02:10
a5be7b03-7533-456a-b358-565cf7432c48,farsighted.lat,available,1.8,40.98,high,low,10,namecheap,,,17/08/2026 22:41
d43491ae-9631-41ac-9252-03082cefdd74,unlettered.lat,available,1.8,40.98,medium,low,10,namecheap,,,21/08/2026 18:33
b6a2ae27-0377-45fd-9d8d-c9f9c1be6b45,smilax.lat,available,1.99,32.49,medium,low,6,namesilo,,,20/09/2026 14:41
d6f414c1-016c-4503-ac0d-a879baec86a4,unfenced.lat,available,1.8,40.98,medium,low,8,namecheap,,,12/09/2026 10:10
01f12785-1127-4136-a9b7-fc3c5e33007b,altering.lat,available,1.99,32.49,high,low,8,namesilo,,,18/09/2026 14:47
e5b5aa67-3a50-4423-b615-ef39fc9f9e70,longlasting.lat,available,1.99,,high,low,12,name.com,,,
fcb2a29a-bdb9-487c-b015-1508b4d82c7f,syndrome.lat,available,1.99,,medium,low,8,name.com,,,
7d6c8b11-3c8a-44f4-a63a-e2359d7f1263,broadside.lat,available,1.8,40.98,high,low,9,namecheap,,,11/08/2026 05:04
34c7f5c3-4f52-4f37-b506-e9d49039b26c,detox.lat,available,1.99,32.49,high,low,5,namesilo,,,
3bb78241-1181-48f1-acaf-ed20af988046,excavation.lat,available,1.99,32.49,high,low,10,namesilo,,,20/09/2026 01:55
c3d90a8b-027f-4f51-8c4c-b8f4183bebde,sunblind.lat,available,1.99,32.49,medium,low,8,namesilo,,,21/09/2026 10:15
c0173ad8-1ee6-46a4-b479-619499b83145,sugars.lat,available,1.99,32.49,medium,low,6,namesilo,,,18/09/2026 08:14
9165da21-bad4-4bf5-8b59-e4ecb3550650,bosnian.lat,available,1.8,40.98,high,low,7,namecheap,,,10/08/2026 20:21
2f82c7bf-796a-4591-9e46-a5e28f778233,biographic.lat,available,1.8,40.98,high,low,10,namecheap,,,10/08/2026 01:58
aee04d36-19e1-4ae1-96ac-9aabbb60552d,fueled.lat,available,1.8,40.98,high,low,6,namecheap,,,18/08/2026 17:37
b9b9795d-948b-4cc6-9fe1-657a08a43e20,rousing.lat,available,1.8,40.98,high,medium,7,namecheap,,,09/09/2026 19:05
8d3d307f-918f-4f97-9417-5035e9362662,allometric.lat,available,1.8,40.98,medium,low,10,namecheap,,,
54c3176f-f49f-4d70-819b-02ee635fee18,honk.lat,available,1.8,40.98,high,medium,4,namecheap,,,10/09/2026 07:42
e1c5a472-b7f5-485f-943e-3b3429dad992,endurance.lat,available,1.99,32.49,high,low,9,namesilo,,,
696c810a-199f-40f3-8206-202603f338f9,upon.lat,available,1.99,,medium,low,4,name.com,,,
81f7e62f-185b-4d2f-bfd3-de226bb568fd,manlike.lat,available,1.8,40.98,medium,low,7,namecheap,,,24/08/2026 14:48
baf9d05d-4be7-4d77-99a1-5cf88234964e,fond.lat,available,1.99,32.49,high,low,4,namesilo,,,21/09/2026 21:45
f3e49e83-f1a7-4dac-a711-236b837eefc6,barong.lat,available,1.99,32.49,medium,low,6,namesilo,,,22/09/2026 07:38
b599679b-7b5f-4496-95ae-49f89c9d16a6,earthly.lat,available,1.8,40.98,high,low,7,namecheap,,,14/08/2026 22:42
5e74fac8-cb34-4c13-a70f-ce46f19ce658,maturely.lat,available,1.8,40.98,medium,low,8,namecheap,,,15/09/2026 13:40
96dc8936-fae6-483e-86c3-ce315aaffd8a,lethal.lat,available,1.8,40.98,high,low,6,namecheap,,,23/08/2026 00:26
a4441928-73a6-4057-9105-8e32b95a3e1d,achromatic.lat,available,1.8,40.98,medium,low,10,namecheap,,,
6893e9db-fca0-4b1e-aeba-3472dc3dc320,thirties.lat,available,1.99,32.49,high,low,8,namesilo,,,16/09/2026 12:05
f738e815-42c9-4a80-a23c-7ee073565af9,disagree.lat,available,1.99,32.49,high,low,8,namesilo,,,
269446f5-e8ed-4f2a-8686-81a95cc17e2e,points.lat,available,,,high,low,6,,,,
dd0696d5-9948-4359-8e6d-92f702c79967,wilmington.lat,available,1.99,32.49,high,low,10,namesilo,,,25/09/2026 11:01
68e3f05d-8cff-47a0-8da1-df845500c423,applesauce.lat,available,1.8,40.98,high,low,10,namecheap,,,19/09/2026 21:26
f43912ad-94b6-4607-b360-e2072d301692,desktops.lat,available,1.99,32.49,medium,low,8,namesilo,,,20/09/2026 12:27
b15b21dc-da0e-4b06-8322-57af7287f098,suffer.lat,available,1.99,,high,low,6,name.com,,,
c60f4349-9fb3-49c9-b259-eb7015d4b52a,bismuth.lat,available,1.8,40.98,high,low,7,namecheap,,,20/09/2026 23:53
4c829e6e-7b4a-499b-a823-cb3662fa8990,marines.lat,available,1.99,,high,low,7,name.com,,,
37a7678f-251a-495d-a787-9b350abb4a35,downright.lat,available,1.8,40.98,high,low,9,namecheap,,,14/08/2026 17:50
d884120c-80bd-4104-b6b7-e4521098af4a,hilly.lat,available,1.8,40.98,high,low,5,namecheap,,,13/08/2026 04:46
0e0eb8c6-ed56-4e2e-b7a4-eccc3cadc6e4,unlatched.lat,available,1.8,40.98,medium,low,9,namecheap,,,12/09/2026 01:38
d615cb8b-2e0b-4ab9-add2-e99106d92d9c,pliability.lat,available,1.99,32.49,high,low,10,namesilo,,,23/09/2026 07:42
0332778b-1a92-4d05-a5ca-4a7448e66ab6,infancy.lat,available,1.99,32.49,high,low,7,namesilo,,,21/09/2026 13:47
e1649fdd-5236-464b-84e4-e43a0eb7ea68,octagonal.lat,available,1.8,40.98,medium,low,9,namecheap,,,04/09/2026 00:37
33a256c9-defd-48b1-ba5a-84f364acd11d,roadman.lat,available,1.8,40.98,high,low,7,namecheap,,,21/09/2026 18:08
941f721d-4158-4a92-af15-bf564f6743a3,satisfy.lat,available,1.99,,high,low,7,name.com,,,
c80d11c2-b6b2-4e57-9000-cf749595f27f,roundly.lat,available,1.8,40.98,medium,low,7,namecheap,,,14/09/2026 00:45
bf7f6468-cac4-444b-ae2a-1161b9d1fb61,blackbuck.lat,available,1.8,40.98,medium,low,9,namecheap,,,19/09/2026 14:39
1dd3b31e-2b41-40ac-bbce-ab62cc9b42f7,stupefy.lat,available,1.99,32.49,medium,low,7,namesilo,,,21/09/2026 17:33
1544377e-92ec-4335-ae64-9feeaf751de4,crevice.lat,available,1.8,40.98,high,low,7,namecheap,,,13/08/2026 04:16
47fd19ae-6123-44fe-9d6f-419c8ef550a3,baseball.lat,available,,,high,low,8,,,,
2fd77dcc-5513-4d99-b526-d2b8c26712ff,definitively.lat,available,1.99,32.49,medium,low,12,namesilo,,,
c1b1ef93-f919-4e7b-b9ad-8913204f8c3d,mantic.lat,available,1.8,40.98,medium,low,6,namecheap,,,14/08/2026 13:48
c822884e-ba56-4dca-889c-4108e85777db,apocalypse.lat,available,1.8,40.98,medium,low,10,namecheap,,,19/09/2026 18:10
77657c35-2a28-4e4c-9dee-7d1087be4eb8,sculptured.lat,available,1.8,40.98,high,low,10,namecheap,,,20/08/2026 18:52
100cf393-2238-4e3c-b561-597f6bf68390,pigheaded.lat,available,1.8,40.98,medium,low,9,namecheap,,,11/08/2026 08:32
1ff945db-881f-4a4a-9409-99eda4ea510b,carol.lat,available,1.99,32.49,high,low,5,namesilo,,,24/09/2026 13:02
6533fea7-ccb6-4334-909c-a148c835a9cc,forsaking.lat,available,1.99,32.49,medium,low,9,namesilo,,,16/09/2026 13:59
1dfe2101-235b-438d-b325-cbc3d35239ab,spas.lat,available,1.8,40.98,medium,low,4,namecheap,,,18/09/2026 21:33
1d6a5973-a936-477c-924f-ea1c4a2e1f02,bailee.lat,available,1.8,40.98,medium,low,6,namecheap,,,21/09/2026 19:04
8abba420-d8ca-413c-a554-825b50610ad3,interstate.lat,available,1.99,32.49,high,low,10,namesilo,,,25/09/2026 10:24
3fba4fc1-49bb-4e4f-b810-269cd13510af,colon.lat,available,1.8,40.98,high,low,5,namecheap,,,20/09/2026 15:16
2ed93bef-ee74-43af-a005-d96668598818,preserve.lat,available,1.99,32.49,high,low,8,namesilo,,,24/09/2026 17:28
b6567990-e45a-48f3-b449-dcc29b943bd0,gustative.lat,available,1.8,40.98,medium,low,9,namecheap,,,20/08/2026 21:08
2f1d226f-cf71-4664-8707-70c846615ded,thermal.lat,available,1.99,32.49,high,low,7,namesilo,,,23/09/2026 12:37
4cbeec50-7f6f-43f9-b436-c90fd4f2fe36,digitizer.lat,available,1.99,32.49,high,low,9,namesilo,,,19/09/2026 01:49
e61152ad-6aa1-4628-9cc3-cc349acb9bad,tined.lat,available,1.8,40.98,medium,low,5,namecheap,,,09/09/2026 03:20
484492e2-4c32-47eb-b16e-8da712918f8d,frowning.lat,available,1.8,40.98,medium,low,8,namecheap,,,18/08/2026 16:40
a6e8a2c2-7dce-438c-8e3c-e22263c43e00,barbell.lat,available,1.99,32.49,high,low,7,namesilo,,,22/09/2026 04:49
224bbb0b-0b89-402a-85a8-2dc8d029df66,alcott.lat,available,1.99,32.49,high,low,6,namesilo,,,18/09/2026 04:10
2650dd19-3d02-4c6e-b826-0e73dae370e9,enate.lat,available,1.8,40.98,medium,low,5,namecheap,,,16/08/2026 21:18
532289a7-fa9f-4482-bf91-e92d7fb43b0e,scapular.lat,available,1.8,40.98,medium,low,8,namecheap,,,09/09/2026 22:51
b49e4640-50be-4eaf-84de-22ab2a3ecf8a,tearless.lat,available,1.8,40.98,medium,low,8,namecheap,,,14/08/2026 20:31
7487c3e4-b559-4664-8083-90460d72440d,carthage.lat,available,1.99,32.49,high,low,8,namesilo,,,25/09/2026 04:02
113c65d2-5e99-41ec-80dc-eacaa49bd6cf,bedbug.lat,available,1.99,32.49,medium,low,6,namesilo,,,22/09/2026 22:45
650e3c6a-c8f3-4eff-ad68-8c3d50059762,pool.lat,available,1.99,,high,low,4,name.com,,,
11437047-ee6d-47df-9f9f-35237290ee8a,provoke.lat,available,1.99,,high,low,7,name.com,,,
0bd25d61-cab7-49e4-b713-0aacf506a4f7,bookshelf.lat,available,1.99,32.49,high,low,9,namesilo,,,24/09/2026 07:17
b52d614f-e1e0-4457-a3ba-e5688c8d041d,asmara.lat,available,1.99,32.49,high,low,6,namesilo,,,20/09/2026 14:27
8ac85ec5-8d83-42d5-b3a1-8504fdd88694,decisively.lat,available,1.8,40.98,high,low,10,namecheap,,,14/09/2026 11:10
e078c0a6-4f85-4a60-8dc2-28192f429f38,picaresque.lat,available,1.8,40.98,high,medium,10,namecheap,,,08/09/2026 19:30
792e2f48-5339-4b11-b44d-c4a0c373f125,coworker.lat,available,1.8,40.98,high,low,9,namecheap,,,24/09/2026 16:09
37def3bd-40a7-40a5-800c-f21e0ca365ad,koranic.lat,available,1.8,40.98,high,low,7,namecheap,,,22/08/2026 16:59
2287bcf5-88cc-454d-873f-55bb81c721bd,aural.lat,available,1.99,32.49,high,low,5,namesilo,,,22/09/2026 12:49
26ff115f-bee1-492a-a4ad-49cc503890b1,punch.lat,available,,,high,low,5,,,,
ee40c9f3-e82a-424c-9c61-e5be8990f5c9,encouraging.lat,available,1.99,32.49,high,low,11,namesilo,,,
0026d0f5-e616-45a8-a084-c523c8763970,terribly.lat,available,1.8,40.98,medium,low,8,namecheap,,,22/09/2026 15:23
5b7030d1-1682-46eb-88b1-13e277d447c0,tutu.lat,available,1.99,32.49,high,low,4,namesilo,,,21/09/2026 22:53
5b34375b-2993-4c17-aa9b-318799e945e9,remind.lat,available,1.99,41.99,high,low,6,name.com,,,24/09/2026 20:14
32f86419-8bdd-4635-8270-b74e21e91246,apparently.lat,available,1.8,40.98,high,low,10,namecheap,,,08/09/2026 20:26
9d49fb89-800e-478f-af6d-987e6b3636d7,crescendo.lat,available,1.8,40.98,high,low,9,namecheap,,,13/08/2026 06:09
bb6cafdb-624b-4f27-b63c-638ef4132027,biotite.lat,available,1.8,40.98,high,low,7,namecheap,,,23/09/2026 19:13
a4f195f7-5f0f-404b-b054-1f0e3cd8d930,errorless.lat,available,1.8,40.98,medium,low,9,namecheap,,,17/08/2026 13:01
e6faa071-9251-416c-a0a4-e10135f024a8,werner.lat,premium,2660,2660,high,low,6,namesilo,,,25/09/2026 21:47
931db18d-f856-4792-9f38-1e4ebe2ad153,empire.lat,premium,2660,2660,high,medium,6,namesilo,,,25/09/2026 05:34
5f6880fb-8d59-4b99-b79c-9c813ca25930,cottony.lat,available,1.8,40.98,medium,low,7,namecheap,,,13/08/2026 03:26
f31fa075-f419-49c9-b3f3-15a97b8f8dd8,sculptural.lat,available,1.8,40.98,medium,low,10,namecheap,,,25/08/2026 02:53
750d9c10-d523-46bd-b8db-2db8a1a07962,airflow.lat,available,1.99,32.49,high,low,7,namesilo,,,17/09/2026 22:13
f82d5c18-a8ae-44f4-a49b-d26a797f45de,wholemeal.lat,available,1.8,40.98,medium,low,9,namecheap,,,13/09/2026 11:17
6b2cf986-c7f2-4858-8d39-104a91a0e34c,assignor.lat,available,1.99,32.49,medium,low,8,namesilo,,,20/09/2026 16:27
d34cb199-7dbf-4263-9e2b-c1a31ecfd154,bialy.lat,available,1.99,32.49,medium,low,5,namesilo,,,23/09/2026 12:41
a489fa40-f980-4555-9f3e-b50d34c40b8a,impelling.lat,available,1.8,40.98,medium,low,9,namecheap,,,21/08/2026 22:04
9d8f5e55-2680-4e84-ac0e-e2c57d1abe41,splendidly.lat,available,1.8,40.98,high,low,10,namecheap,,,14/09/2026 16:44
13ce8a21-8f07-4e00-b7cd-8b85e2d979f7,saami.lat,available,1.8,40.98,high,medium,5,namecheap,,,09/09/2026 21:07
adbe1a6b-25fd-4aea-9000-7512ba8cce3d,definition.lat,available,1.99,32.49,high,low,10,namesilo,,,
59b0abca-1475-4707-8a50-94a124690903,produces.lat,available,1.99,32.49,medium,low,8,namesilo,,,17/09/2026 14:14
9207a4f2-9b54-4a37-93cc-1fc5ec81adc2,nigh.lat,available,1.8,40.98,medium,low,4,namecheap,,,12/08/2026 12:04
3ef460bd-aa4c-4e04-af19-e15de3d5a8b0,melodious.lat,available,1.8,40.98,high,low,9,namecheap,,,24/08/2026 19:38
c6d91e9d-a3b4-4edd-bea9-0a263d26328b,rickety.lat,available,1.99,41.99,medium,low,7,name.com,,,13/08/2026 20:34
b119f935-f382-4681-88c7-032eacf7c2e6,laborious.lat,available,1.8,40.98,medium,low,9,namecheap,,,06/08/2026 17:00
a5376fcc-8114-45ef-bab7-dfab46b19970,eagerness.lat,available,1.99,32.49,high,low,9,namesilo,,,21/09/2026 09:28
fe5bfade-d9c1-47aa-953f-1566a9f9c94f,bordeaux.lat,available,1.99,32.49,high,low,8,namesilo,,,24/09/2026 07:22
f72a80f4-75b3-4e97-b3a3-be6ee30a40dc,discard.lat,available,1.99,32.49,high,low,7,namesilo,,,
9f59e965-e77c-4f77-8c68-fcaddd140de4,immune.lat,available,1.8,40.98,high,low,6,namecheap,,,21/08/2026 21:26
221dd402-786e-45cd-8e2e-e815fcd6c5ad,duckling.lat,available,1.99,32.49,high,low,8,namesilo,,,25/09/2026 00:17
88f8c01b-e703-4865-b749-3ac15fb26d5a,amorphous.lat,available,1.8,40.98,medium,low,9,namecheap,,,
d5522aea-de39-4e6f-87df-ab0474330e9d,alveolus.lat,available,1.99,32.49,medium,low,8,namesilo,,,17/09/2026 22:03
b3739f98-e4b1-441a-8ef6-3fd9df0870b2,stubbornly.lat,available,1.8,40.98,medium,low,10,namecheap,,,14/09/2026 10:12
c33ef407-b66f-4241-ae74-7a437ea427ea,unlaced.lat,available,1.8,40.98,medium,low,7,namecheap,,,12/09/2026 14:37
19319b23-45a6-4b06-9aed-556398e78fc4,mousy.lat,available,1.8,40.98,medium,low,5,namecheap,,,25/08/2026 08:42
f189ba23-2807-43a9-88d2-1d04e07aa232,hang.lat,available,1.99,32.49,high,low,4,namesilo,,,
ab041ac0-f24b-4e1a-a012-b0ab5b28e52f,nyt.lat,available,1.99,32.49,high,low,3,namesilo,,,25/09/2026 12:29
bd74952f-3105-455f-995b-3a62b64b3e4b,bridal.lat,available,1.8,40.98,high,low,6,namecheap,,,11/08/2026 03:53
2e594531-f963-4321-9ea8-e350413a8a73,affirmations.lat,available,1.99,32.49,medium,low,12,namesilo,,,21/09/2026 01:56
b65601a9-dd78-4127-9e9c-66c77e78252c,swingy.lat,available,1.8,40.98,medium,low,6,namecheap,,,23/08/2026 09:29
30a50172-3571-4bba-a5d0-a3221b423610,counted.lat,available,1.99,,medium,low,7,name.com,,,
bed9af29-07a5-4caf-b830-b4f6d4b904fe,demoralize.lat,available,1.8,40.98,medium,low,10,namecheap,,,13/08/2026 02:16
5a8f0f66-0435-40e2-bb2a-69348fd16fb6,joseph.lat,premium,2660,2660,high,low,6,namesilo,,,24/09/2026 14:32
c3a9692a-edeb-49db-9e64-0339db325446,sterilization.lat,available,1.99,32.49,high,low,13,namesilo,,,16/09/2026 21:54
367f65f6-07a0-43b7-ab01-ef7e084e6530,cannibal.lat,available,1.8,40.98,medium,low,8,namecheap,,,19/09/2026 13:56
ce58e8e4-e2cf-450c-81a7-ee65daa6fd89,palatal.lat,available,1.8,40.98,high,low,7,namecheap,,,04/09/2026 23:18
9ad4daae-fc89-4a69-8645-1933b949f131,betrothed.lat,available,1.8,40.98,high,low,9,namecheap,,,09/08/2026 18:07
bd657970-b1dc-4663-96f0-ee3bd8d0ee97,from.lat,resell,,,high,low,4,Porkbun LLC,22/03/2026 20:27,22/03/2027 23:59,08/09/2026 08:57
f72a67e3-4786-40be-8a6d-32a49cbc776b,quack.lat,available,1.8,40.98,high,low,5,namecheap,,,09/09/2026 07:16
b1f898a8-0aa1-404e-b7be-9dce5cfc4258,debt.lat,resell,,,high,low,4,"Go Daddy, LLC",25/01/2026 02:59,25/01/2027 23:59,
95e60fff-1dd9-4599-90b5-d6fc5db42e9f,squabble.lat,available,1.99,32.49,high,low,8,namesilo,,,23/09/2026 13:15
246e3692-553c-4245-a8e8-14a6463aafc3,pervious.lat,available,1.8,40.98,medium,low,8,namecheap,,,08/09/2026 18:09
a137138d-3adb-45ac-9c87-cbd383a96334,debauch.lat,available,1.8,40.98,medium,low,7,namecheap,,,13/08/2026 02:20
d37255c5-5c93-41d2-a66b-1e9b9b7b2147,underwater.lat,available,1.8,40.98,high,low,11,namecheap,,,16/09/2026 17:58
5d001f64-aea2-48a5-ab4e-9c432908ad25,feast.lat,available,1.99,32.49,high,low,5,namesilo,,,22/09/2026 03:01
8b1fb6c1-141d-440e-97b0-d98ef95ee630,quartette.lat,available,1.8,40.98,high,low,9,namecheap,,,09/09/2026 07:26
70d1634c-5e7e-4f81-a5ae-7f0abc498a82,department.lat,available,1.99,32.49,high,low,10,namesilo,,,
754351eb-163c-4a23-b6b5-c7d12f2c8c62,fairs.lat,available,1.99,32.49,high,low,5,namesilo,,,
b826fc5b-9243-4ef9-807b-db10b96bb59f,masterless.lat,available,1.8,40.98,medium,low,10,namecheap,,,24/08/2026 09:55
23294abe-2512-41dc-852a-e568a659294b,ahab.lat,available,1.8,40.98,medium,low,4,namecheap,,,17/09/2026 20:17
499ed6da-0f18-46da-b83a-55bc4405253d,grapey.lat,available,1.8,40.98,medium,low,6,namecheap,,,20/08/2026 18:06
6cf0898f-4e32-4869-bbac-84e3a2b221cd,intrigue.lat,available,1.99,,high,low,8,name.com,,,
aeb32b7a-cb26-4cf1-8d28-2658bfbd5aa6,septuple.lat,available,1.8,40.98,medium,low,8,namecheap,,,10/09/2026 04:23
48b30d43-1088-4451-a0c4-7487c24750d4,empathic.lat,available,1.8,40.98,high,low,8,namecheap,,,16/08/2026 16:41
cc5c29ce-d38f-4b87-8479-d22c8bcdcab2,reflects.lat,available,1.99,32.49,medium,low,8,namesilo,,,17/09/2026 15:27
e68c3b10-e8a7-46de-be5b-dc9389285602,mould.lat,available,1.8,40.98,medium,low,5,namecheap,,,24/09/2026 15:22
a3da4219-669d-4d7e-9e5a-608715e88a08,latest.lat,available,1.8,40.98,high,low,6,namecheap,,,
1f54bd30-c211-4847-9119-949ea22eaf02,grievous.lat,available,1.8,40.98,medium,low,8,namecheap,,,07/08/2026 14:41
95072257-1452-49ff-9525-3937fcbaad1c,interpret.lat,available,1.99,,high,low,9,name.com,,,
110d50ee-222a-48e5-89bd-27548a979e58,ayurveda.lat,available,1.99,32.49,high,low,8,namesilo,,,21/09/2026 10:52
3b4cb3b9-df5b-42ec-8beb-b8eef250e174,squeezable.lat,available,1.8,40.98,medium,low,10,namecheap,,,10/09/2026 17:41
2dcaeeba-010f-490a-9ba6-012efae4bd26,ruled.lat,available,1.99,,high,low,5,name.com,,,
77c85dcd-6aff-4247-b519-4e918cb0c310,video.lat,resell,,,high,medium,5,Atom.com Domains LLC,09/09/2026 14:04,09/09/2027 23:59,25/09/2026 15:08
c2892457-6d6b-4e77-9602-e1e10467c399,carmine.lat,available,1.8,40.98,high,low,7,namecheap,,,10/08/2026 15:02
8c089528-b3dd-458c-9b73-74d7c1f407bc,reynolds.lat,available,1.99,32.49,high,low,8,namesilo,,,25/09/2026 10:19
7f0b0840-4485-4935-a19b-8f726e3ca038,barstow.lat,available,1.99,32.49,medium,low,7,namesilo,,,22/09/2026 08:54
c89ce7d7-ae4f-400e-a075-b7a5e9ed1dd2,retire.lat,available,1.99,,high,low,6,name.com,,,
9d0b85f3-bede-4b81-8585-0ff98a07b324,sexist.lat,available,1.8,40.98,medium,low,6,namecheap,,,10/09/2026 05:14
eddc4c86-31a9-4e6f-bd63-93a94687a913,stepaside.lat,available,1.99,32.49,medium,low,10,namesilo,,,16/09/2026 15:09
09d35d06-7233-4394-8f86-f039cd2c908f,assyrian.lat,available,1.99,32.49,high,low,8,namesilo,,,20/09/2026 16:49
3b050e5a-a6c8-4498-94e0-fe79935cdccd,hierarchic.lat,available,1.8,40.98,medium,low,10,namecheap,,,21/08/2026 08:20
d9521d78-229f-43fe-b754-cd9131597668,dvd.lat,available,,,high,low,3,,,,
55e8b0f3-9075-4acf-b33e-ff08dfbe5e55,crappy.lat,available,1.8,40.98,medium,low,6,namecheap,,,13/08/2026 05:12
19af362e-a350-4eb4-b627-58ed288b5331,ruffle.lat,available,1.8,40.98,high,low,6,namecheap,,,11/09/2026 05:07
867ec8b7-9e93-4a21-9c2e-89f36e1a1db6,kathleen.lat,available,1.99,32.49,high,low,8,namesilo,,,25/09/2026 14:34
7d2fb15f-0b72-4453-b04e-8157a662d2d4,propensity.lat,available,1.8,40.98,high,low,10,namecheap,,,22/08/2026 22:09
654aca9f-e879-4328-bb5a-25e64596fab2,vaporous.lat,available,1.8,40.98,medium,low,8,namecheap,,,12/08/2026 14:34
347f66fb-9401-4773-b744-6c7e07dfb0d8,pampering.lat,available,1.8,40.98,high,low,9,namecheap,,,05/09/2026 00:29
28bf40d8-bc0c-4eb6-ade5-90b81c2a097b,magnetized.lat,available,1.8,40.98,medium,low,10,namecheap,,,24/08/2026 13:04
8bb9b87e-cbe9-456b-b680-15bd0d555035,flabby.lat,available,1.8,40.98,medium,low,6,namecheap,,,18/08/2026 06:05
a5e384e3-caa9-415b-84d8-5863628f5f6c,antitype.lat,available,1.8,40.98,medium,low,8,namecheap,,,19/09/2026 15:14
7fbcccde-2e2e-4010-9bcf-1a83fc25c8cf,spermous.lat,available,1.8,40.98,high,medium,8,namecheap,,,10/09/2026 15:30
f5f9e610-85e7-4968-aa03-369c1f850d65,monkish.lat,available,1.8,40.98,medium,low,7,namecheap,,,25/08/2026 04:53
45e04a2b-31f5-41d7-8f75-5b978400b61f,luculent.lat,available,1.8,40.98,high,low,8,namecheap,,,24/08/2026 10:52
1735c8f7-58ec-4b4f-badd-4d73f21a562c,flying.lat,available,1.8,40.98,high,low,6,namecheap,,,24/09/2026 17:17
f098c750-4fbc-47db-a737-d1ed128881d8,wyeth.lat,available,1.99,32.49,medium,low,5,namesilo,,,19/09/2026 04:48
e1f818be-fc0f-4717-b939-7fa24715a979,mitigated.lat,available,1.8,40.98,medium,low,9,namecheap,,,25/08/2026 02:06
33a42120-679f-467c-92fb-d307834274f7,pretoria.lat,available,1.99,,high,low,8,name.com,,,
53a452ef-e731-4fbe-b6fa-9790e3348220,anaphase.lat,available,1.99,32.49,medium,low,8,namesilo,,,19/09/2026 02:09
3fe07a31-e1ae-4bf0-ad7d-ddec641a66b5,saporous.lat,available,1.8,40.98,medium,low,8,namecheap,,,18/08/2026 07:16
2080bc91-cfbd-42c4-9974-fbf2135bf0e7,katabatic.lat,available,1.8,40.98,high,low,9,namecheap,,,11/08/2026 20:41
44b142e1-e64a-4f97-86e0-86b8bddaa1f0,istanbul.lat,available,1.99,32.49,high,low,8,namesilo,,,24/09/2026 17:33
2edbc5c0-3d9b-4542-b516-7a4135a01a17,gran.lat,premium,812.5,,high,low,4,name.com,,,
56d72f49-32d8-450a-8339-9686da8dffd2,stereotype.lat,available,1.99,,high,low,10,name.com,,,
0475b5b5-85e9-458d-a371-6e31ec81b266,shoeless.lat,available,1.8,40.98,medium,low,8,namecheap,,,08/08/2026 19:04
b7bb0300-2973-49a9-8cd1-c994f17c669c,armstrong.lat,premium,2660,2660,high,medium,9,namesilo,,,20/09/2026 07:49
6bcedbe8-e211-45d1-aec3-15d30ce46e4e,cameras.lat,available,1.8,40.98,high,low,7,namecheap,,,25/09/2026 20:54
67e8e66f-5b75-4fa7-84bc-3154496b141e,biont.lat,available,1.8,40.98,medium,low,5,namecheap,,,23/09/2026 18:48
69a4f86e-f3f8-4c18-878f-2931ecfcb5ad,bosky.lat,available,1.8,40.98,medium,low,5,namecheap,,,10/08/2026 20:17
9774bc49-7ab6-4d35-8abb-ba52c2c75f41,atkins.lat,premium,2600,2600,high,low,6,namecheap,,,25/09/2026 17:28
0a6d3c88-bfb8-4a2c-807d-1e04fab1c9b8,bracelet.lat,available,1.99,41.99,high,low,8,name.com,,,22/09/2026 01:56
2e7b774c-49da-493b-bc4e-e798d20687ad,interpersonal.lat,available,1.99,,high,low,13,name.com,,,
7c13ee89-eb6d-4044-95cb-228b03f9f521,randy.lat,available,1.8,40.98,medium,low,5,namecheap,,,21/08/2026 14:08
b4b386fc-1c8e-4c3b-86db-05373795ec16,figurative.lat,available,1.8,40.98,medium,low,10,namecheap,,,19/09/2026 14:22
90941f4a-8817-49d8-bc94-f18fe78a220f,apostolic.lat,available,1.8,40.98,medium,low,9,namecheap,,,06/08/2026 04:04
1deff81c-ae32-42d0-9ada-a3c1dfdb2354,arrests.lat,available,1.8,40.98,medium,low,7,namecheap,,,20/09/2026 19:12
4a3df458-70ec-4608-bce8-521ae09ac374,tone.lat,available,1.99,,high,low,4,name.com,,,
f1bf03b8-fb94-45b3-9f84-caf1708d2dcf,sickish.lat,available,1.8,40.98,low,low,7,namecheap,,,03/09/2026 14:05
a9b6da98-24f6-4e64-8432-1c858f54e1fa,malicious.lat,available,1.8,40.98,high,low,9,namecheap,,,24/08/2026 14:02
e73a644c-da72-412e-8ba0-db7ba75c8f0b,gourmet.lat,resell,,,high,low,7,"GoDaddy.com, LLC",09/02/2026 02:59,09/02/2027 23:59,24/09/2026 14:33
99960c7a-96ba-4292-b757-01688ecd1ce3,crackpot.lat,available,1.8,40.98,medium,low,8,namecheap,,,10/09/2026 00:10
0e502012-5bd1-4174-9ede-5bd1f626411b,tunica.lat,available,1.99,32.49,medium,low,6,namesilo,,,17/09/2026 10:35
c4b8c901-c5d3-4869-b434-5e6f11e65f74,opening.lat,available,1.8,40.98,high,low,7,namecheap,,,04/09/2026 16:15
73b8c1f2-dff0-4a2f-a8eb-f9381df2c96b,aide.lat,resell,,,high,low,4,"NameCheap, Inc.",16/03/2023 19:05,16/03/2027 23:59,26/09/2026 01:27
594f681e-27b4-4748-ac94-982f96de882c,toothless.lat,available,1.8,40.98,medium,low,9,namecheap,,,11/09/2026 17:15
b5bc2e19-af55-4ce6-ba93-b0aa020b45ff,roma.lat,available,1.99,32.49,high,low,4,namesilo,,,25/09/2026 13:38
e1ab9595-83a2-4c3d-9b9e-00db9d034192,buckshot.lat,available,1.8,40.98,high,low,8,namecheap,,,23/09/2026 20:24
65c9df0d-afe5-4351-ba17-2a2ed01ca17f,soul.lat,premium,2660,2660,high,medium,4,namesilo,,,25/09/2026 09:19
a1b71a6e-7587-4bf6-b92c-eee92486b121,simulated.lat,available,1.8,40.98,high,low,9,namecheap,,,18/08/2026 00:16
eda13f8b-c90a-4c7d-9454-aaf5ca60833f,grammatic.lat,available,1.8,40.98,high,low,9,namecheap,,,20/08/2026 17:56
4f81c3b5-4bd1-4dfe-b0de-021a0b3534cc,jointed.lat,available,1.8,40.98,medium,low,7,namecheap,,,22/08/2026 13:44
057324ea-f9b7-49a0-a4a8-d1bf6f123e44,aunts.lat,available,1.8,40.98,medium,low,5,namecheap,,,18/09/2026 15:51
b928749a-d5fe-4a1d-9157-488e5bda61cc,office.lat,premium,2600,2600,high,medium,6,namecheap,,,25/09/2026 17:33
7f57ceb6-1d30-45ab-baf8-939ac0f97bee,spark.lat,premium,832,832,high,medium,5,namesilo,,,20/09/2026 01:07
3a51b72d-1567-4874-bed9-9126c0d57833,sudanese.lat,available,1.8,40.98,high,low,8,namecheap,,,11/09/2026 01:05
0235467a-c285-4975-9ae3-57bcd11eba6d,beaner.lat,available,1.8,40.98,medium,low,6,namecheap,,,22/09/2026 20:26
6d6e7db2-3c9d-4e70-8436-48b6b7f252c1,railroad.lat,available,1.8,40.98,high,low,8,namecheap,,,24/09/2026 23:46
4c588c4e-210a-4350-8856-e8bcd3891668,aldol.lat,available,1.99,32.49,high,low,5,namesilo,,,18/09/2026 04:25
f2ce0b7e-82c2-4302-8cc2-a8fcebaa6857,albumen.lat,available,1.99,32.49,high,low,7,namesilo,,,18/09/2026 03:31
7a352493-0556-4d14-b93f-d8e6267dbc13,multiplayer.lat,available,1.99,,high,low,11,name.com,,,
9b7a991f-8481-4126-b8c3-18bd2b06c918,achaea.lat,available,1.99,32.49,medium,low,6,namesilo,,,17/09/2026 00:27
35b3edea-1b9b-4fdf-bf9b-53f2be1289d3,charles.lat,available,1.99,,high,low,7,name.com,,,
380f781a-d249-40a1-83c4-ff3292a6bfff,woven.lat,available,1.99,,high,low,5,name.com,,,
cf8e655f-6de0-428e-aeef-5505ff3a1973,troubling.lat,available,1.8,40.98,medium,low,9,namecheap,,,14/08/2026 13:19
ea675781-1b91-4499-8a8f-a917b6f8cf3d,ament.lat,available,1.8,40.98,medium,low,5,namecheap,,,18/09/2026 18:57
0c6e5592-aa16-4292-9cec-e55acf517e6d,loquacious.lat,available,1.8,40.98,high,low,10,namecheap,,,12/08/2026 03:22
89bd7c4c-bd70-4b3f-b191-64f43ec03476,contracted.lat,available,1.99,32.49,high,low,10,namesilo,,,23/09/2026 22:26
1fd81c2f-fd0f-4d16-8e4e-02f0d89353f9,leftist.lat,available,1.8,40.98,high,low,7,namecheap,,,12/08/2026 17:05
f9777e9b-97d9-4393-907a-e75ef2fe804d,obliging.lat,available,1.8,40.98,high,low,8,namecheap,,,12/08/2026 19:27
9f217fd3-989e-40b7-a1b2-8abdf9692512,trifid.lat,available,1.8,40.98,medium,low,6,namecheap,,,11/09/2026 19:33
9f84c381-55b4-4337-9aa2-42003e264a14,automated.lat,available,1.99,32.49,high,low,9,namesilo,,,22/09/2026 13:58
9f87aa9f-8a22-4709-85d6-17ab37b32e86,comprise.lat,available,1.99,32.49,high,low,8,namesilo,,,
d5f92989-b4ca-4e8b-9171-778745807e95,sums.lat,available,1.99,32.49,medium,low,4,namesilo,,,18/09/2026 07:08
c87740c3-875e-4612-90fe-e5a53dc4c62e,legibility.lat,available,1.8,40.98,high,low,10,namecheap,,,24/09/2026 22:31
cad70f5a-90c9-4f6a-8e30-c6aea26f97ba,pyrrhic.lat,available,1.8,40.98,medium,low,7,namecheap,,,09/09/2026 07:12
c7293ca0-ec76-4931-9be6-7c4543c215c0,exhausted.lat,available,1.8,40.98,medium,low,9,namecheap,,,14/08/2026 14:43
ed6959cb-c6a3-4342-a0a2-b900a26c3d7e,bungalow.lat,available,1.99,32.49,high,low,8,namesilo,,,24/09/2026 11:15
cc54f652-a57d-4553-a951-3a04d55680bc,splashy.lat,available,1.8,40.98,high,low,7,namecheap,,,18/08/2026 06:22
a7da398d-14b0-40e9-ab01-775f23d77728,spooky.lat,available,1.8,40.98,high,low,6,namecheap,,,10/09/2026 09:49
6c0d05f7-76db-4c9c-9055-5d626fc3f69c,luteal.lat,available,1.8,40.98,medium,low,6,namecheap,,,24/08/2026 12:07
9259c17b-66df-4efc-bdfb-40e9cd344703,exclamation.lat,available,1.99,,high,low,11,name.com,,,
4291524e-b81b-4a12-96cf-3aa9c5ad4eb7,yeah.lat,available,1.99,,high,low,4,name.com,,,
24a4a2e7-cd44-44a5-b376-d0325b4dc54c,bitumen.lat,available,1.99,32.49,medium,low,7,namesilo,,,23/09/2026 23:13
a54e509c-cef9-46d6-b4e9-ee25eacb1659,pyogenic.lat,available,1.8,40.98,high,medium,8,namecheap,,,09/09/2026 06:54
0de9b11d-ef21-403f-b8b2-7704f614384f,peaty.lat,available,1.8,40.98,medium,low,5,namecheap,,,08/09/2026 11:28
c2c9e741-ac03-4318-97a5-38c68d40ae7b,alary.lat,available,1.8,40.98,medium,low,5,namecheap,,,
f3131882-76a7-4846-8cde-b53f15b83504,autobahn.lat,available,1.99,32.49,high,low,8,namesilo,,,21/09/2026 05:50
54742129-5641-4971-9a54-0547a8c91fde,bromide.lat,available,1.8,40.98,medium,low,7,namecheap,,,12/08/2026 19:15
a6beb4f1-ec99-4bd7-ba22-9bf16377b4cc,nutritive.lat,available,1.8,40.98,high,low,9,namecheap,,,08/09/2026 09:04
b2ce06cb-ea93-4cb2-9c11-d9feca6e3af4,bioscience.lat,available,1.8,40.98,high,low,10,namecheap,,,23/09/2026 18:59
14addf6c-4cef-4722-8810-a550bbe44de5,setting.lat,available,1.99,,high,low,7,name.com,,,
bf1a294b-bb25-4574-836d-87f5a1073bb0,girlish.lat,available,1.8,40.98,high,low,7,namecheap,,,18/08/2026 23:59
5c654b20-1867-490f-9509-1be91cb09ae0,robust.lat,available,1.8,40.98,high,low,6,namecheap,,,18/08/2026 18:02
8ce1d616-7eff-4439-a056-a620413f4244,annoy.lat,available,1.99,32.49,high,low,5,namesilo,,,
7d5bac7f-47f4-4941-a438-dc9c724630a2,parky.lat,available,1.8,40.98,medium,low,5,namecheap,,,08/09/2026 01:38
07fd9b0a-959d-4492-a7ff-50f91a8b63c1,alveolar.lat,available,1.99,32.49,high,low,8,namesilo,,,22/09/2026 02:54
e2d3491d-47b9-47a3-8898-04bf5a063876,pigweed.lat,available,1.99,32.49,medium,low,7,namesilo,,,18/09/2026 15:54
6fee27e2-f881-4313-801e-eec4747b3d58,bowed.lat,available,1.8,40.98,medium,low,5,namecheap,,,06/08/2026 14:55
2929929b-552b-41aa-b9c2-62cb83d99d09,neuter.lat,available,1.8,40.98,medium,low,6,namecheap,,,03/09/2026 16:30
e6754d85-d57b-4620-be01-7bdc49548e2d,apologue.lat,available,1.8,40.98,medium,low,8,namecheap,,,18/09/2026 10:43
7a445de5-44b7-487b-bbfb-0f42c4b218c6,unnerved.lat,available,1.8,40.98,medium,low,8,namecheap,,,12/09/2026 15:54
d979f469-bb66-4f78-bf19-ffdd92649079,change.lat,resell,,,high,medium,6,"Spaceship, Inc.",29/12/2025 17:02,29/12/2026 23:59,26/09/2026 04:51
f0e9f451-05ff-4dd1-b3f1-9993bf3ecc8b,tritely.lat,available,1.99,32.49,medium,low,7,namesilo,,,16/09/2026 09:30
6c9262ed-9537-420a-b2eb-ad508276ca17,mendacious.lat,available,1.8,40.98,medium,low,10,namecheap,,,24/08/2026 20:04
597f9904-e876-4d9e-ac00-545965a7aa30,alcibiades.lat,available,1.8,40.98,medium,low,10,namecheap,,,18/09/2026 04:00
e46992c6-66b4-4642-891b-e16e5ef7583a,corded.lat,available,1.8,40.98,medium,low,6,namecheap,,,13/08/2026 00:57
bf1783b4-7512-46cd-9d03-1c06f74283f2,crossly.lat,available,1.8,40.98,low,low,7,namecheap,,,14/09/2026 09:42
38c5f762-65a1-4677-af5d-af5415b969de,corpulence.lat,available,1.8,40.98,medium,low,10,namecheap,,,04/09/2026 22:00
ebe36e9b-39d6-41a1-a43c-daf941db963c,paltry.lat,available,1.8,40.98,medium,low,6,namecheap,,,24/08/2026 18:25
55f92961-474f-41f2-a1a2-94c68fa579ca,albuterol.lat,available,1.99,41.99,high,low,9,name.com,,,18/09/2026 03:32
ff7aa8d5-6d35-40ba-95d2-e023d12b256b,abcs.lat,available,1.99,32.49,high,low,4,namesilo,,,16/09/2026 14:38
ab76db1c-ef58-4f21-b646-d0cb4e3a7d4d,bifid.lat,available,1.8,40.98,medium,low,5,namecheap,,,09/08/2026 19:59
4891af0f-6d32-479c-b28a-14a97cb03257,abstruse.lat,available,1.8,40.98,medium,low,8,namecheap,,,
700c2f4c-19e5-435f-b1c2-8967b97a7125,linguist.lat,available,1.8,40.98,high,low,8,namecheap,,,08/09/2026 23:18
855b2458-519e-41ea-b846-a2bfc2149054,featherbed.lat,available,1.99,32.49,high,low,10,namesilo,,,21/09/2026 12:59
32cb4d36-a514-4ced-9533-802f8f2ee36c,lucy.lat,premium,2500,,high,low,4,name.com,,,
a3a13923-2f6f-4112-a89a-e1fc20410ac8,tonsorial.lat,available,1.8,40.98,medium,low,9,namecheap,,,11/09/2026 17:12
ac6e5266-6f34-4fd7-bb3c-d6bea4c220ac,davidson.lat,available,1.8,40.98,high,low,8,namecheap,,,25/09/2026 15:02
55a34440-c996-40d9-83a0-097774a0123a,uppercase.lat,available,1.99,32.49,high,low,9,namesilo,,,25/09/2026 16:20
79ae5cd2-cb06-43de-82b6-7b13bb6b9fcf,racetrack.lat,available,1.99,,high,low,10,name.com,,,
b984adf6-9b1e-4514-bcdd-88ede054988a,amaethon.lat,available,1.8,40.98,low,low,8,namecheap,,,18/09/2026 15:34
3240c65d-fd53-4603-92c2-805062570757,palmy.lat,available,1.8,40.98,medium,low,5,namecheap,,,10/08/2026 19:15
7c25c5c3-3b15-4059-b95f-1452e5c36d7e,sumatran.lat,available,1.8,40.98,high,low,8,namecheap,,,11/09/2026 01:31
341a1e4e-a440-482a-ab88-7267f5beb900,digits.lat,available,1.99,,high,low,6,name.com,,,
684e8ad4-e332-412d-963f-08a681155326,plebeian.lat,available,1.8,40.98,high,low,8,namecheap,,,08/09/2026 21:00
47e91f17-319c-425d-9c6e-18e1136fee88,protest.lat,available,1.99,,high,low,7,name.com,,,
29fdc78c-4871-4982-a717-163dedca4320,alchemic.lat,available,1.8,40.98,medium,low,8,namecheap,,,
646d8b15-86dc-4ce8-a3ed-54224b612e05,sundays.lat,available,1.99,32.49,high,low,7,namesilo,,,18/09/2026 10:50
a7f031d3-48fd-4b53-9a6e-d9954eb331b4,england.lat,available,1.99,32.49,high,low,7,namesilo,,,25/09/2026 09:45
2e3f4026-27d9-47d6-aba3-cea925b5b988,ally.lat,premium,2500,,high,high,4,name.com,,,
d330a22a-bf98-466f-9038-f544bd92109f,sapient.lat,available,1.8,40.98,high,low,7,namecheap,,,08/09/2026 18:03
e235906f-49c9-48c2-a676-782d5c720534,specification.lat,available,1.99,,high,low,13,name.com,,,
df3b6152-04b3-4e7b-b1e8-6af40efdb331,soak.lat,available,1.8,40.98,high,low,4,namecheap,,,16/09/2026 03:40
e0855fdc-e0c6-4a8f-a538-6db585cb9b5b,broth.lat,available,1.8,40.98,high,low,5,namecheap,,,24/09/2026 10:49
320aeb71-4b57-4324-b230-d631d99e9ddd,filetype.lat,available,1.99,32.49,medium,low,9,namesilo,,,
2f93e105-5abf-4aff-b5f4-02d16a7bcc1c,pointed.lat,available,1.8,40.98,high,low,7,namecheap,,,08/09/2026 22:36
72945b00-dea6-4869-892a-0b210cf0ce68,prettiest.lat,available,1.99,32.49,medium,low,9,namesilo,,,18/09/2026 03:32
1a1aa01e-d1ed-4389-84df-38b768fb3700,old.lat,available,1.8,40.98,high,low,3,namecheap,,,24/09/2026 15:09
543e022f-5062-45df-99d0-4e15b6e3db3a,wisdoms.lat,available,1.8,40.98,medium,low,7,namecheap,,,21/09/2026 10:19
a3b49d8a-8917-4b1a-a31e-a1bb768b0f55,deadlines.lat,available,1.99,32.49,medium,low,9,namesilo,,,21/09/2026 08:50
05ee2587-2b14-4a0e-b5a1-6815db8c7a03,punctual.lat,available,1.8,40.98,high,medium,8,namecheap,,,09/09/2026 05:58
4994c9fa-d67a-4a68-9b90-aa75059af755,malamud.lat,available,1.99,32.49,medium,low,7,namesilo,,,23/09/2026 09:50
188f8fbe-0815-48ef-b6ae-6234874d1541,antigone.lat,available,1.99,32.49,medium,low,8,namesilo,,,19/09/2026 14:26
131a2037-1cb9-4f06-9f3d-7dceefb43620,aranea.lat,available,1.99,32.49,medium,low,6,namesilo,,,20/09/2026 00:00
16875806-f463-48ce-b5be-a9451ec47cca,hawkish.lat,available,1.8,40.98,medium,low,7,namecheap,,,21/08/2026 01:38
ca308287-0ac2-4a98-83c4-269b49229284,awing.lat,available,1.8,40.98,medium,low,5,namecheap,,,08/08/2026 00:34
8a42f3d7-2c28-4c75-961e-f2832abb2248,dishonor.lat,available,1.99,32.49,high,low,8,namesilo,,,
50dbebcf-36b3-4b3b-892b-eda930d4acf1,view.lat,premium,2500,,high,low,4,name.com,,,
063ebd2a-27cf-4b43-b473-8739c066a63a,introduced.lat,available,1.99,,high,low,10,name.com,,,
1a6e2477-2b1d-40ae-a8d6-bb19cf7d68ee,aleatory.lat,available,1.8,40.98,medium,low,8,namecheap,,,
56b893c7-bf1b-4ede-ab9a-639fdb3dd0d0,chart.lat,available,,,high,low,5,,,,
bc6bbf06-83af-4690-9380-365f6dab8b4d,townsend.lat,available,1.99,32.49,high,low,8,namesilo,,,25/09/2026 06:09
7354c010-234e-42f5-806c-2cc35fa3f58e,gainly.lat,available,1.8,40.98,medium,low,6,namecheap,,,18/08/2026 19:33
26be2225-68bc-45cc-92a6-df406c6e61ea,chairwoman.lat,available,1.99,32.49,high,low,10,namesilo,,,
addf80f1-bb11-4bb4-84fa-dffb4bdbda98,folksy.lat,available,1.8,40.98,high,low,6,namecheap,,,13/08/2026 04:22
76bd4d77-6ae0-486b-b4fd-fe1d80fac678,bowelless.lat,available,1.8,40.98,high,medium,9,namecheap,,,10/08/2026 23:08
ba8bc3d2-7dae-48b5-9959-fb83b4186ee3,banshee.lat,available,1.8,40.98,high,low,7,namecheap,,,22/09/2026 03:09
318001ca-4376-46ca-9e52-0bcc309a09a7,delimited.lat,available,1.8,40.98,medium,low,9,namecheap,,,10/08/2026 21:54
72150f88-d0b0-4301-8f09-999d543bb1d8,tympanic.lat,available,1.8,40.98,medium,low,8,namecheap,,,11/09/2026 22:25
c1bfc60f-dc5e-40f4-b7c9-9f851d16674b,crescent.lat,available,1.8,40.98,high,low,8,namecheap,,,13/08/2026 06:14
3b07de50-785f-4991-be15-a08b70793872,plumb.lat,available,1.8,40.98,high,low,5,namecheap,,,12/08/2026 10:05
e408887f-2a41-4eff-b07f-e7f7fad524ea,dyadic.lat,available,1.8,40.98,medium,low,6,namecheap,,,14/08/2026 21:52
35700b41-4b94-428d-9c0a-89ab98565431,aken.lat,available,1.8,40.98,medium,low,4,namecheap,,,16/09/2026 13:08
764fe7b6-3884-4a15-b911-23829d3f68ac,ferned.lat,available,1.8,40.98,medium,low,6,namecheap,,,18/08/2026 01:58
e0de5993-19b6-43c5-b5b0-6867601c29f3,hundred.lat,available,1.99,32.49,high,low,7,namesilo,,,21/09/2026 11:00
7c769f50-6ed8-4813-8556-3eb6a3289d57,bph.lat,available,1.99,32.49,high,low,3,namesilo,,,23/09/2026 08:07
63f1b7da-bd01-4d4e-b54b-e28c904d786c,passel.lat,available,1.8,40.98,medium,low,6,namecheap,,,25/08/2026 00:35
f3a595dc-396b-4d56-876f-b460310da40d,beamy.lat,available,1.8,40.98,medium,low,5,namecheap,,,09/08/2026 04:18
c209f59e-39c4-4525-960a-89f4086047df,abkhazian.lat,available,1.8,40.98,high,low,9,namecheap,,,
e96a5de1-6a9a-400e-ad8b-8db3f05d2591,stockpile.lat,available,1.8,40.98,high,low,9,namecheap,,,10/09/2026 20:52
ea79ceda-b2ce-4686-844a-edeffca7ce06,conserved.lat,available,1.8,40.98,high,low,9,namecheap,,,12/08/2026 22:38
e5d3b22c-1714-4c8a-9d80-a978cbb9425c,oily.lat,available,1.8,40.98,medium,low,4,namecheap,,,11/08/2026 11:42
bc158925-8acd-4d01-b9a8-954b7638d228,basting.lat,available,1.99,32.49,medium,low,7,namesilo,,,22/09/2026 12:43
b99ffdf7-4ada-46e6-bdd9-864b76afa42e,eclectic.lat,available,1.8,40.98,high,low,8,namecheap,,,14/08/2026 23:43
c2043216-d922-400d-83d5-eae22321cd33,orbitual.lat,available,1.8,40.98,medium,low,8,namecheap,,,04/09/2026 17:39
e2d17009-044f-499f-a995-a20198062c94,relevantly.lat,available,1.8,40.98,medium,low,10,namecheap,,,15/09/2026 22:59
9912a67a-42c1-4aad-a74e-c2cbece3045c,prevent.lat,available,1.99,,high,low,7,name.com,,,
0a6df7c5-f4a9-46f1-9ad0-638ed9a2c4c6,draconian.lat,available,1.8,40.98,medium,low,9,namecheap,,,14/08/2026 18:10
77babb08-d713-4b8e-9163-70e766527747,attire.lat,available,1.99,32.49,high,low,6,namesilo,,,21/09/2026 01:52
4322fd27-f909-4ec7-bff2-a61c40605cab,ageratina.lat,available,1.99,32.49,medium,low,9,namesilo,,,17/09/2026 17:21
c399bd01-6bea-458d-84ac-23de7b00e96f,bulimic.lat,available,1.8,40.98,medium,low,7,namecheap,,,11/08/2026 08:26
94067331-0299-40e1-bb83-916e701b0494,adamance.lat,available,1.8,40.98,medium,low,8,namecheap,,,17/09/2026 06:15
e2cb546f-a27e-48ff-8e78-ec92313df223,adoptable.lat,available,1.8,40.98,high,low,9,namecheap,,,
e6f4e702-3f4a-4443-bbb0-7777ee63fc0c,anthropic.lat,available,,,high,high,9,,,,
068eeb59-1c42-4601-aa41-96b8d21a9e51,corregidor.lat,available,1.99,32.49,medium,low,10,namesilo,,,22/09/2026 13:13
acb64cb0-a456-45c7-a74f-97134196b060,sheetlike.lat,available,1.8,40.98,high,medium,9,namecheap,,,10/09/2026 06:21
9c87196f-fae5-44c4-a541-1d385d820451,sobeit.lat,available,1.99,32.49,low,low,8,namesilo,,,16/09/2026 13:51
1502c6f4-6558-41fd-a535-3af0a2047956,probing.lat,available,1.8,40.98,high,low,7,namecheap,,,22/08/2026 06:21
7ec7f5f2-a7ed-4ca6-bd79-061b2da11cdf,resident.lat,available,1.8,40.98,high,low,8,namecheap,,,03/09/2026 19:51
9d3774e3-af69-4853-8530-f11306849e26,shivaree.lat,available,1.99,32.49,high,low,8,namesilo,,,23/09/2026 06:07
d2c37197-b928-4498-b133-9134aa46ed56,uut.lat,available,1.99,32.49,medium,low,3,namesilo,,,20/09/2026 22:17
941b81d0-474a-4a48-becf-5d63ffbdd3f2,kingdom.lat,available,,,high,low,7,,,,
b9c0129e-6775-48f9-a10c-0c7fc4a6f795,avens.lat,available,1.99,32.49,medium,low,5,namesilo,,,21/09/2026 09:03
ebc60920-f5d3-451d-943d-a193efbedeb7,simpleness.lat,available,1.99,0,medium,low,10,name.com,,,24/09/2026 13:51
0c16b9df-05fb-427f-94cb-9a27401ca180,candent.lat,available,1.8,40.98,medium,low,7,namecheap,,,11/08/2026 16:37
daea8d22-3675-49ab-b98a-1f5660e07c91,melted.lat,available,1.8,40.98,high,low,6,namecheap,,,23/08/2026 23:37
7707bfff-a081-4f87-bcab-bd540222be9b,histrionic.lat,available,1.8,40.98,medium,low,10,namecheap,,,21/08/2026 09:57
a5064e4e-893f-4f84-a973-44e2e3adda9a,tare.lat,available,1.8,40.98,high,low,4,namecheap,,,22/09/2026 21:12
b0e3a438-4713-4ee8-b274-80dcdc469b22,hayseed.lat,available,1.8,40.98,medium,low,7,namecheap,,,21/08/2026 08:05
5c539312-2932-4948-add2-9ac3de4a4ad1,magically.lat,available,1.8,40.98,high,low,9,namecheap,,,13/09/2026 21:17
7268a7d3-9cac-489b-a542-a5319f3b93f4,diplomatic.lat,available,1.8,40.98,high,low,10,namecheap,,,24/09/2026 10:36
5151a286-8c7e-49e7-aa6f-25f6c1165d55,veiled.lat,available,1.8,40.98,medium,low,6,namecheap,,,13/09/2026 01:50
e608f379-1abc-471a-9367-4fbbdfcbd61a,affirmable.lat,available,1.8,40.98,medium,low,10,namecheap,,,
73984243-9dea-4eeb-a364-3d7f595dc014,sullen.lat,available,1.8,40.98,medium,low,6,namecheap,,,20/08/2026 15:06
082bdefd-75da-44f2-b935-0d47d060def4,ratios.lat,available,1.99,32.49,medium,low,6,namesilo,,,20/09/2026 23:23
4edbd92a-5bd9-4275-95eb-d7dc4ed575d5,attic.lat,available,1.8,40.98,high,low,5,namecheap,,,07/08/2026 15:46
1869aafa-862c-439a-8292-476db7b89f67,watermelon.lat,available,1.99,,high,low,10,name.com,,,
ed4c621a-c7ab-4c43-9a99-ebc859e6242d,zaman.lat,available,1.99,32.49,high,low,5,namesilo,,,18/09/2026 03:15
710360bd-965f-412d-8234-3e391a133d49,preferred.lat,available,1.8,40.98,high,low,9,namecheap,,,09/08/2026 17:53
ea5247ce-05ef-4be8-b5fc-dcb403365d49,slowcoach.lat,available,1.8,40.98,medium,low,9,namecheap,,,10/09/2026 20:27
eb1e2ac5-fda8-4937-a2d1-5b282d1d2386,zest.lat,available,,,high,low,4,,,,
6ebf800a-9f73-491c-8cf0-16b1f73c3c87,aphrodisia.lat,available,1.99,32.49,medium,low,10,namesilo,,,19/09/2026 17:14
2867a36f-832f-420c-b01b-84556ecef6ce,faster.lat,available,1.8,40.98,high,low,6,namecheap,,,14/09/2026 17:46
c13901d4-c7e8-4ca1-ad58-be843c3c6860,knower.lat,available,1.99,32.49,medium,low,6,namesilo,,,19/09/2026 22:14
a3c8dea8-2c45-4529-a707-b30ec6517bf3,bills.lat,premium,2660,2660,medium,low,5,namesilo,,,18/09/2026 06:49
62800104-4148-4d95-aeb0-7c5f253ddb2a,anniversary.lat,available,1.99,32.49,high,low,11,namesilo,,,
6519faff-0f6c-4bbe-801c-cda140a13cd8,postscript.lat,available,1.99,32.49,high,low,10,namesilo,,,17/09/2026 06:45
6d504a49-4731-4435-99f8-7074c6388570,vermilion.lat,available,1.8,40.98,high,low,9,namecheap,,,12/08/2026 05:45
90209d78-7253-412d-992d-133482b2d90e,fully.lat,available,1.8,40.98,high,low,5,namecheap,,,18/08/2026 17:52
34f73f45-ab14-4e06-a1f6-291a52c40d99,baulk.lat,available,1.8,40.98,medium,low,5,namecheap,,,14/08/2026 04:57
05f31b7d-beaa-42bb-970a-f3b63714b94e,stroke.lat,available,1.99,,high,low,6,name.com,,,
705a5580-4f5f-4356-8fa5-5b43aa97fb8c,sectarian.lat,available,1.8,40.98,medium,low,9,namecheap,,,10/09/2026 01:13
de60d9b4-1ae0-4702-afb8-4835b3aa0822,dealing.lat,available,1.99,32.49,high,low,7,namesilo,,,25/09/2026 04:50
373ec74c-c625-4b3a-aa6d-34a9e2b5fd61,baking.lat,available,1.99,32.49,high,low,6,namesilo,,,22/09/2026 16:25
0bf6b096-0769-40ee-b666-faf25e9eff9a,clementine.lat,available,1.99,32.49,high,low,10,namesilo,,,24/09/2026 15:33
6698c9d4-2f54-4fe2-8d17-52ee8c9648ff,throat.lat,available,1.99,32.49,high,low,6,namesilo,,,26/09/2026 00:01
9ad46f26-0240-45ca-a61a-8e3275aa04bb,despicable.lat,available,1.8,40.98,medium,low,10,namecheap,,,14/08/2026 04:00
9e9ca2a4-a174-403e-902f-028d4341283b,keystone.lat,available,1.8,40.98,high,medium,8,namecheap,,,21/09/2026 15:13
78c77cc8-4b1c-46bd-be66-619fc9e1861b,allotrope.lat,available,1.99,32.49,medium,low,9,namesilo,,,18/09/2026 12:06
25a6ea0a-4104-4909-90c2-f8a1ea86b817,badness.lat,available,1.8,40.98,medium,low,7,namecheap,,,08/08/2026 07:23
6d143a98-8cea-40ab-84ac-67e87767259c,orleans.lat,available,1.99,,high,low,7,name.com,,,
775d9f40-a8e7-4594-b093-43ad3ca3dd59,waxed.lat,available,1.8,40.98,high,low,5,namecheap,,,13/09/2026 08:40
02e13fb6-e18f-442a-a226-c8ed7f1cb1d5,shrewdly.lat,available,1.8,40.98,medium,low,8,namecheap,,,13/09/2026 22:22
2459fc3d-53b2-4285-a7e2-3ef531fdaaf2,disrepair.lat,available,1.99,32.49,medium,low,9,namesilo,,,24/09/2026 23:02
003eb1d9-3682-4207-92a0-885773b83995,poignant.lat,available,1.8,40.98,high,low,8,namecheap,,,
fcacb00d-5c04-46a7-ab30-65ae3a53d4a1,sneaker.lat,available,1.8,40.98,high,low,7,namecheap,,,11/08/2026 16:16
acfc7fd1-3654-4b0b-8d38-67affcdbb4b5,antwerp.lat,available,1.99,32.49,high,low,7,namesilo,,,19/09/2026 15:48
61c21f45-7c8c-4898-95e9-d9695cbc032c,animosity.lat,available,1.8,40.98,medium,low,9,namecheap,,,19/09/2026 09:20
c6c2a6df-7bad-4750-adeb-c420c703248f,tolerant.lat,available,1.8,40.98,high,low,8,namecheap,,,22/08/2026 19:55
f7042710-8219-45ac-a3fa-aa591bb60219,technicality.lat,available,1.99,,high,low,12,name.com,,,
88e5d40d-4eef-4d6b-8aa0-87f7a67895d1,ardently.lat,available,1.8,40.98,medium,low,8,namecheap,,,13/09/2026 20:41
18fb9f60-99c7-48dc-a8b7-e5040e7fe2b8,wishful.lat,available,1.8,40.98,medium,low,7,namecheap,,,07/08/2026 05:07
461b2666-4ec7-4729-b12d-ca3549a8513b,flake.lat,available,1.8,40.98,medium,low,5,namecheap,,,14/08/2026 23:23
de4b1452-922a-44c5-9f1f-063059abe3ec,oakland.lat,available,1.99,32.49,high,low,7,namesilo,,,25/09/2026 12:29
9835c781-6055-4c1f-854f-8f8a2cf2ad18,analogous.lat,available,1.8,40.98,medium,low,9,namecheap,,,
9d1e4246-b645-4019-80fe-e18dc61f02f7,peninsular.lat,available,1.8,40.98,high,low,10,namecheap,,,08/09/2026 14:28
e2d12f16-9874-4e64-b5c5-a4812a8e51cb,medically.lat,available,1.8,40.98,medium,low,9,namecheap,,,15/09/2026 13:56
adf82a46-541b-48b0-9441-8ed33cda6170,eighteenth.lat,available,1.8,40.98,high,low,10,namecheap,,,
ee4fee54-a18d-4975-ac43-dd6ad7781c20,exergonic.lat,available,1.8,40.98,medium,low,9,namecheap,,,17/08/2026 17:06
e83df4b0-101a-4180-8215-1ed08686e4b8,avionic.lat,available,1.8,40.98,medium,low,7,namecheap,,,07/08/2026 23:35
52a4001c-2a9b-4a83-8f2d-8fc6900a62a4,gjo.lat,available,1.99,32.49,medium,low,4,namesilo,,,17/09/2026 05:37
b7a0c30b-14e5-4395-b797-02585cc97b56,actinium.lat,available,1.8,40.98,medium,low,8,namecheap,,,16/09/2026 19:56
f92e871f-e875-4b57-af61-cbd96c05f9c3,beheading.lat,available,1.99,32.49,medium,low,9,namesilo,,,23/09/2026 03:20
6d35d8dd-9276-493f-8920-6e673ff7f18e,bagnio.lat,available,1.8,40.98,medium,low,6,namecheap,,,21/09/2026 18:19
8f5082e6-2b32-4433-be71-5292fcc75d85,armless.lat,available,1.8,40.98,medium,low,7,namecheap,,,06/08/2026 19:54
f741c00f-63dc-4e49-acc0-a7d542d344d7,waylay.lat,available,1.99,32.49,medium,low,6,namesilo,,,18/09/2026 17:32
fb640c91-0146-44a4-8616-c57a264fc0c0,skintight.lat,available,1.8,40.98,medium,low,9,namecheap,,,10/09/2026 09:40
3ce6d92e-c596-47f4-a766-fe0702c36cfa,woes.lat,available,1.8,40.98,low,low,4,namecheap,,,20/09/2026 07:52
3bc939c5-35ed-4f5d-aa05-607fff85a995,raspy.lat,available,1.8,40.98,medium,low,5,namecheap,,,20/08/2026 18:31
6dfb2ba3-cdc8-442e-81d3-6e3ec1c2504c,offspring.lat,available,1.99,,high,low,9,name.com,,,
4622ece8-986c-44e2-a6be-829410dbf198,allegheny.lat,premium,2660,2660,medium,low,9,namesilo,,,18/09/2026 10:28
da20b3bb-dc2f-4ad1-a816-1d00ac317fd4,anabas.lat,available,1.8,40.98,medium,low,6,namecheap,,,19/09/2026 00:49
aa85106e-442f-430d-afad-e2a1a0b202e1,incisively.lat,available,1.8,40.98,medium,low,10,namecheap,,,15/09/2026 07:42
6e696d3b-82c3-4a1c-a63a-8d3d00453da3,esthesia.lat,available,1.99,32.49,medium,low,8,namesilo,,,17/09/2026 13:25
07b90b8c-0a9f-4779-9157-0176c613cd71,swoon.lat,available,1.8,40.98,high,low,5,namecheap,,,17/08/2026 21:03
cf69d0b4-0d20-4340-b510-b3ba540d13d9,daniel.lat,premium,812.5,,high,medium,6,name.com,,,
9eb43adc-5d00-4a40-a8ed-4b56689232e6,oscar.lat,premium,845,845,high,high,5,namecheap,,,16/09/2026 20:26
f46a104b-ed94-45c1-b5d6-b8f7c87e0fc2,allergic.lat,available,1.99,32.49,high,low,8,namesilo,,,22/09/2026 01:25
4901ce03-f523-4dca-9cc8-c3ff01ccb7e2,batrachian.lat,available,1.8,40.98,medium,low,10,namecheap,,,05/08/2026 20:53
e6ccaad2-d942-4dcf-afdf-80b21ee019d0,fifteenth.lat,available,1.8,40.98,high,low,9,namecheap,,,
c1f9649f-eaf8-4957-9524-d56619251678,ambit.lat,premium,2660,2660,high,low,5,namesilo,,,18/09/2026 16:51
51da773e-385d-40d3-8e5f-4d7167cad834,bernini.lat,available,1.99,32.49,high,low,7,namesilo,,,23/09/2026 09:56
23a2c675-bf92-4dc6-a7df-a081031d2375,groundless.lat,available,1.8,40.98,medium,low,10,namecheap,,,08/08/2026 21:49
6cc4cda5-d080-41ba-85e7-100f0bfc2daa,annuity.lat,available,1.99,32.49,high,low,7,namesilo,,,19/09/2026 10:58
7bb2837d-ade9-4c0e-9360-98719aa3e9c7,miniature.lat,available,1.8,40.98,high,low,9,namecheap,,,24/08/2026 23:48
2c018352-798f-4eb7-aa07-14f7b65aa1d7,ovoid.lat,available,1.8,40.98,medium,low,5,namecheap,,,15/08/2026 18:50
70fd8404-7cb4-48e0-bdbb-731355633b20,frantic.lat,available,1.8,40.98,high,low,7,namecheap,,,18/08/2026 14:15
95db1b12-6ad4-4b3d-a2b1-bd0aef52f0f9,baring.lat,available,1.99,32.49,medium,low,6,namesilo,,,22/09/2026 06:03
465647f8-614e-40bb-83e3-b7078ef45b98,antelope.lat,available,1.8,40.98,high,low,8,namecheap,,,19/09/2026 12:50
eea2fd62-b7ae-4123-b3d9-c81ccf0b4b2d,recurvate.lat,available,1.8,40.98,high,medium,9,namecheap,,,09/09/2026 12:07
f427d82b-7201-42b8-a977-60995db999e8,tepid.lat,available,1.8,40.98,medium,low,5,namecheap,,,20/08/2026 22:41
044ca228-6554-4fb6-8973-1a921d7be06d,device.lat,available,1.8,40.98,high,low,6,namecheap,,,25/09/2026 03:48
8712a1c4-0561-4859-a930-9325aa1d987d,episodic.lat,available,1.8,40.98,high,low,8,namecheap,,,17/08/2026 11:11
152f5e14-1c42-4461-844f-f7d283b5daa8,typewriters.lat,available,1.99,32.49,medium,low,11,namesilo,,,21/09/2026 07:13
f31bedab-a2e2-4868-a168-07e9236ac70c,resole.lat,available,1.8,40.98,medium,low,6,namecheap,,,10/09/2026 13:33
f8263dc6-124b-4574-a760-3612b5c1ab0a,nazarene.lat,available,1.8,40.98,high,low,8,namecheap,,,14/08/2026 23:06
c34a2fae-ebc8-4054-8d3e-6cfb12e64d45,reticular.lat,available,1.8,40.98,medium,low,9,namecheap,,,09/09/2026 15:34
7376898f-34a0-464d-9f1d-f19f6de5136c,scruffy.lat,available,1.8,40.98,medium,low,7,namecheap,,,10/09/2026 00:25
27c79ce6-81fd-472a-a96e-008a5162fcbb,inactive.lat,available,1.8,40.98,medium,low,8,namecheap,,,22/08/2026 00:11
8818fee6-e6b8-4a33-b954-23d51575f1ec,diplomat.lat,available,1.99,32.49,high,low,8,namesilo,,,
b37d0dad-c9ea-4806-9657-9d7540b046c3,tyrant.lat,available,1.8,40.98,high,low,6,namecheap,,,21/09/2026 06:08
d55b7af0-73fd-42bc-8362-c0cd37949573,divorce.lat,premium,2500,2500,high,low,7,name.com,,,14/08/2026 11:12
9cc18477-1657-4ead-a717-18e08047b4b8,third.lat,available,,,high,low,5,,,,
5bebc952-ba9c-4bee-bfd2-1a0c411e93e8,sideline.lat,available,1.99,32.49,high,low,8,namesilo,,,21/09/2026 09:42
615d0324-52d4-4ba9-aa7c-c2cc3be46388,diurnal.lat,available,1.8,40.98,medium,low,7,namecheap,,,14/08/2026 13:34
b70590b7-c7f9-4520-bab9-a1546eb68cb7,snug.lat,available,1.8,40.98,high,low,4,namecheap,,,12/08/2026 12:11
900eccb5-cc4c-4c0e-ae42-2e6e2fb0e771,walking.lat,available,1.99,,high,low,7,name.com,,,
0a1a277e-fd2a-458d-996e-256678eb881b,radiopaque.lat,available,1.8,40.98,high,low,10,namecheap,,,09/09/2026 09:41
f6a376d8-a3ed-4eb6-89d7-a033a2651238,acyl.lat,available,1.99,32.49,medium,low,4,namesilo,,,17/09/2026 05:49
1483773e-e9cf-4208-b2a1-23f2385347e9,zilch.lat,available,1.8,40.98,medium,low,5,namecheap,,,03/09/2026 22:42
a80603a9-aaa9-4ff8-ae37-2946f42934e8,packets.lat,available,1.99,32.49,medium,low,7,namesilo,,,20/09/2026 14:11
4bbc15f6-4973-4bcf-95fa-8fd8039e1794,boneless.lat,available,1.8,40.98,high,low,8,namecheap,,,10/08/2026 18:38
30eaada0-9514-4837-b478-a39e25b55533,pycnotic.lat,available,1.8,40.98,high,medium,8,namecheap,,,09/09/2026 06:51
c3b6861d-499c-4cbe-b0c9-da4696219f0d,annual.lat,available,1.99,32.49,high,low,6,namesilo,,,22/09/2026 05:27
7be7ed34-befa-4864-ae5b-7aa1dc10b0fb,teller.lat,available,1.99,32.49,high,low,6,namesilo,,,22/09/2026 02:23
8b54f2eb-8ed4-4a2a-9e39-f4d6e11a0063,enlarged.lat,available,1.8,40.98,high,low,8,namecheap,,,22/09/2026 22:37
d2ab744b-ed5c-410e-8b5e-612a1058bc10,caroline.lat,available,1.8,40.98,high,low,8,namecheap,,,11/08/2026 19:29
8bc794f9-17ca-4e46-88a4-25a88fd73858,downtown.lat,available,1.99,32.49,high,low,8,namesilo,,,24/09/2026 12:02
2ec7a03a-7880-4b59-9345-e9d44b8f973b,thrown.lat,available,1.99,,medium,low,6,name.com,,,
aa291370-745e-4162-aeca-ea725dab3033,airlift.lat,available,1.8,40.98,high,low,7,namecheap,,,17/09/2026 23:13
18185aee-f4d7-4efe-b83c-261a74d594fd,fonts.lat,available,1.99,32.49,medium,low,5,namesilo,,,20/09/2026 22:56
09cb4083-606f-40c1-9136-2593356f7ac0,otic.lat,available,1.8,40.98,medium,low,4,namecheap,,,07/08/2026 17:41
f361891a-1920-478e-a922-cdb0651f8ac2,napkins.lat,available,1.99,32.49,medium,low,7,namesilo,,,21/09/2026 05:52
9d30c491-c9f6-49b9-8f9c-eb5b056870da,resupine.lat,available,1.8,40.98,medium,low,8,namecheap,,,09/09/2026 15:30
fb8a11fb-a2ba-4321-b7a1-809322c2ac18,brassiere.lat,available,1.99,32.49,high,low,9,namesilo,,,22/09/2026 01:02
fed01324-2619-4051-b54b-99b26daaa507,lineage.lat,available,1.8,40.98,high,low,7,namecheap,,,08/09/2026 13:04
bf4c946d-00f5-4875-b0dc-e1bce8448010,encomium.lat,available,1.8,40.98,high,low,8,namecheap,,,05/09/2026 00:40
d18e4c73-188b-4203-b9e0-4a5bd4327108,angas.lat,available,1.99,32.49,medium,low,5,namesilo,,,19/09/2026 05:46
f9448fa0-144b-4f07-9673-53ef055a1e88,persistent.lat,available,1.8,40.98,high,low,10,namecheap,,,14/08/2026 14:58
3981ed9e-af13-45b5-8d89-632d426c06c2,kilometre.lat,available,1.99,,high,low,9,name.com,,,
d39ade75-cee5-460c-8428-a0cb9aa05279,dullard.lat,available,1.8,40.98,low,low,7,namecheap,,,10/09/2026 23:07
7bb37765-a219-4835-bd37-31691a7de0e8,flickering.lat,available,1.8,40.98,high,low,10,namecheap,,,
20d18898-635c-44d5-9e8e-82b1562bf4df,crecy.lat,available,1.99,32.49,medium,low,5,namesilo,,,22/09/2026 15:02
1b30f2f7-9910-4291-b5fe-986d317e1f89,measurably.lat,available,1.8,40.98,medium,low,10,namecheap,,,15/09/2026 13:50
82efc595-8370-4535-ae73-2c32b316e05b,sang.lat,available,1.8,40.98,high,low,4,namecheap,,,18/09/2026 20:03
df936117-031f-473f-a99e-7e2dc0bce625,gaps.lat,available,1.8,40.98,medium,low,4,namecheap,,,20/09/2026 11:47
5e857a45-6f59-4eda-aff5-8f3901e6b452,quickly.lat,available,1.99,,high,low,7,name.com,,,
570501bc-0ee8-40ad-9587-f73ff8ab538d,liturgical.lat,available,1.8,40.98,medium,low,10,namecheap,,,24/08/2026 07:40
9c1170fd-2c92-4591-918b-aac9776b1a2f,bull.lat,available,,,high,low,4,,,,
7252ea8d-279d-4882-bb95-92a073be1873,vapid.lat,available,1.8,40.98,medium,low,5,namecheap,,,10/08/2026 13:04
968bbc66-e9c6-4645-a660-7654e842d3eb,linelike.lat,available,1.8,40.98,medium,low,8,namecheap,,,23/08/2026 15:03
3ac583a7-8ad1-4e80-96da-61dba7d7b0bf,sonant.lat,available,1.8,40.98,high,low,6,namecheap,,,10/09/2026 14:08
1039af96-3e1b-449a-8b87-a83777b1c599,anecdotal.lat,available,1.8,40.98,high,low,9,namecheap,,,
48bd36b7-ba66-4080-869e-724c7d3b34af,coffeecake.lat,available,1.99,32.49,high,low,11,namesilo,,,
8b7b3340-342a-4b11-ba2d-832e9eb723b6,politicians.lat,available,1.99,32.49,medium,low,11,namesilo,,,19/09/2026 23:03
3f685860-fd65-4379-bb80-31af68fb0572,keeps.lat,available,1.8,40.98,high,low,5,namecheap,,,25/09/2026 19:06
33331529-b195-489d-969f-253a0f686131,liked.lat,available,1.99,32.49,high,low,5,namesilo,,,25/09/2026 13:43
d35a5442-49b5-4a6a-aae1-3ee23eb76782,alfalfa.lat,available,1.99,32.49,high,low,7,namesilo,,,18/09/2026 06:07
6a802aa3-142f-459d-b615-002c5f6a9a54,musty.lat,available,1.8,40.98,medium,low,5,namecheap,,,18/08/2026 16:44
d1e25ad7-0c37-4884-babd-4a6bf6cde9d4,hazel.lat,available,1.8,40.98,high,low,5,namecheap,,,21/08/2026 01:45
87ab20a8-df15-402b-ba23-0008280a7fa4,benzol.lat,available,1.99,32.49,high,low,6,namesilo,,,23/09/2026 08:53
6150ab58-44c9-4612-898c-c11ae9944f43,infrared.lat,available,1.8,40.98,high,low,9,namecheap,,,04/09/2026 07:52
36d05c18-36b4-4225-93cc-a3d87646527d,accumulate.lat,available,1.8,40.98,high,low,10,namecheap,,,12/08/2026 16:47
5dbadeb4-a234-4d6e-bbc4-96e104bf4766,similitude.lat,available,1.99,32.49,medium,low,10,namesilo,,,18/09/2026 07:51
5cb2b1dd-e860-4ea6-933c-056fa190a861,portable.lat,available,1.99,,high,low,8,name.com,,,
b9b53fa6-d5d5-4ac3-89b2-976313b7e71c,wasting.lat,available,1.99,32.49,medium,low,7,namesilo,,,21/09/2026 00:58
d23cad35-ff1f-46d0-aaa7-c2a15e37392e,schizoid.lat,available,1.8,40.98,medium,low,8,namecheap,,,09/09/2026 23:09
678210b2-a5a7-487d-85a3-e5d263abe302,ternate.lat,available,1.8,40.98,medium,low,7,namecheap,,,11/09/2026 11:53
cc06edcd-f9a5-4c5a-a9b7-7a5522a61d5f,flashy.lat,available,1.8,40.98,high,low,6,namecheap,,,18/08/2026 06:33
ab481bd2-d931-4800-b60a-a29b56663cf0,altruistic.lat,available,1.99,32.49,high,low,10,namesilo,,,22/09/2026 02:48
14fcd015-a11d-4c24-85d9-7153717c39a6,russian.lat,available,1.99,,high,low,7,name.com,,,
4e2dd18a-54a3-441d-bb39-ff30ba683397,kinky.lat,available,1.8,40.98,high,low,5,namecheap,,,17/08/2026 22:20
af73af9a-ce8a-4c1c-afdf-933a0ad1bbd5,concerted.lat,available,1.8,40.98,high,low,9,namecheap,,,12/08/2026 20:06
95b02df9-1b14-40d5-a661-9d9ada09ea1e,gruesome.lat,available,1.8,40.98,medium,low,8,namecheap,,,18/08/2026 23:17
7d238210-56fc-4eb0-b1d3-1d960e249b77,rube.lat,available,1.8,40.98,medium,low,4,namecheap,,,21/08/2026 08:03
7fb7cccf-64c1-4bbe-bbf2-95752ca515e8,midautumn.lat,available,1.99,32.49,high,low,9,namesilo,,,17/09/2026 10:02
19bd5f93-fcb4-4181-91d7-6c200e50f9e8,intercede.lat,available,1.8,40.98,high,low,9,namecheap,,,22/08/2026 08:12
87a811b2-f645-432a-a5c0-b6213c3b5a1a,transfixed.lat,available,1.8,40.98,medium,low,10,namecheap,,,17/08/2026 22:56
ce653c4b-f84b-41c3-b97f-072e30b07e74,turds.lat,available,1.99,32.49,low,low,5,namesilo,,,18/09/2026 11:32
44305f8f-7c81-4024-bd9e-b251cab9ea38,gratuity.lat,available,1.99,32.49,high,low,8,namesilo,,,21/09/2026 15:50
7cb0554d-8c4f-45e9-a4d4-9afe02213a3b,blocked.lat,available,1.99,32.49,high,low,7,namesilo,,,22/09/2026 22:08
8e345b8b-2097-46a4-ba49-e73324a08a24,andiron.lat,available,1.99,32.49,medium,low,7,namesilo,,,19/09/2026 04:06
32b50469-b9cc-4bfc-a60f-8d5acb18d4e6,anthony.lat,premium,832,832,high,low,7,namesilo,,,19/09/2026 13:34
5b01124b-ff8f-4862-bdf1-1429ebaf85fb,adamant.lat,available,1.8,40.98,high,low,7,namecheap,,,
70766821-5d4c-4acb-9070-2ad58d8abe92,maritime.lat,available,1.8,40.98,high,low,8,namecheap,,,24/08/2026 16:00
05e55225-2345-4481-9f70-ab50e0ab23b2,rapturous.lat,available,1.8,40.98,high,low,9,namecheap,,,14/08/2026 23:48
a4c42b5f-2cee-4d8f-a09a-3e697160d810,paternal.lat,available,1.8,40.98,high,low,8,namecheap,,,
f4b9e8f1-38b5-4d98-b9e9-2eb40c4f28fd,neonatal.lat,available,1.8,40.98,medium,low,8,namecheap,,,03/09/2026 15:27
d5d8d738-2214-40c1-aaee-9a81dd955ce0,sunburst.lat,available,1.99,,high,low,8,name.com,,,
2d81ff53-b261-4847-a47b-3c4291051e92,hadean.lat,available,1.8,40.98,medium,low,6,namecheap,,,20/08/2026 21:32
a6b6abf8-d102-4c20-a727-d61d97c7de92,catchy.lat,available,1.8,40.98,high,low,6,namecheap,,,11/08/2026 21:20
3dcc0bbf-a0ff-43bb-8167-02f4273fb7bd,mutative.lat,available,1.8,40.98,medium,low,8,namecheap,,,03/09/2026 11:48
29ac5f5a-88d0-4c35-b508-410dd7501e6b,minuscule.lat,available,1.99,32.49,high,low,9,namesilo,,,25/09/2026 15:24
f293cfab-18f4-4c9b-89a7-bee0894ab26d,pushchair.lat,available,1.8,40.98,high,low,9,namecheap,,,21/09/2026 13:21
7bc10cb3-9870-4872-8b77-74f61c103cbb,scowling.lat,available,1.8,40.98,medium,low,8,namecheap,,,09/08/2026 08:33
f04b2407-2b9d-4579-a4c1-fb8f2eab7b92,range.lat,available,1.99,,high,low,5,name.com,,,
1539029e-6f45-4bcb-9633-d3fb5952ca09,marie.lat,available,1.99,32.49,high,low,5,namesilo,,,25/09/2026 17:44
ef578c9a-8ad6-453f-8dd9-4230f6af7eab,heliac.lat,available,1.8,40.98,medium,low,6,namecheap,,,21/08/2026 06:28
53a65a6f-4366-4c74-a1e7-03afbf6e54e6,cuneiform.lat,available,1.8,40.98,high,low,9,namecheap,,,13/08/2026 10:34
eece5105-7087-44f3-a55a-0f2cdbcd88c0,objective.lat,available,1.8,40.98,high,low,9,namecheap,,,03/09/2026 20:47
2e64b26a-d1bc-4e72-b103-36bcc65d8671,heroically.lat,available,1.8,40.98,high,low,10,namecheap,,,15/09/2026 00:39
a5061b9d-500a-41cf-a465-0bd290eaf4a3,mahoe.lat,available,1.99,32.49,medium,low,5,namesilo,,,21/09/2026 21:57
ff3b96da-dc69-4e02-ad7a-0f3d018c4ad8,chihuahua.lat,available,1.99,32.49,high,low,9,namesilo,,,24/09/2026 14:33
018c732d-080c-48e4-b5a2-826df4fa4d08,floored.lat,available,1.8,40.98,medium,low,7,namecheap,,,18/08/2026 08:49
a81058c9-03e7-4a76-b105-e1424e8ae083,bawl.lat,available,1.99,32.49,medium,low,4,namesilo,,,23/09/2026 06:25
cbf504f0-b9b1-49c2-9a06-d03645c506a2,demand.lat,premium,2660,2660,high,low,6,namesilo,,,24/09/2026 15:48
d6b18f57-49ad-4aa4-877e-d7ad2135edff,redress.lat,available,1.8,40.98,high,low,7,namecheap,,,09/09/2026 17:27
7b739745-8eac-4b86-a129-1ea7e877b79d,adventism.lat,available,1.99,32.49,medium,low,9,namesilo,,,17/09/2026 10:32
e3247e76-324f-44b0-bc90-f1aeb7a210d4,stage.lat,premium,2500,,high,medium,5,name.com,,,
fb3a0032-04af-42a6-ad0d-49ce46a48923,confused.lat,available,1.8,40.98,high,low,8,namecheap,,,07/08/2026 12:02
1149af33-88a0-4540-9136-950d1ad6f7fe,wound.lat,available,1.99,,high,low,5,name.com,,,
109ebb2b-40df-4cea-a5b9-c01483257f54,concealed.lat,available,1.8,40.98,high,low,9,namecheap,,,23/09/2026 18:33
15c5d37e-5480-4ef1-a996-880145f50a7f,handbasket.lat,available,1.8,40.98,medium,low,10,namecheap,,,22/09/2026 11:03
6b66ef56-384c-41dc-9358-850cdc8358c4,anaerobe.lat,available,1.99,32.49,medium,low,8,namesilo,,,19/09/2026 01:18
ab63f30a-8612-40e6-b03a-2aff106dc75e,bastille.lat,available,1.99,32.49,high,low,8,namesilo,,,22/09/2026 12:48
77a2fd83-301a-4f97-8894-df0392989c2c,grimly.lat,available,1.8,40.98,medium,low,6,namecheap,,,14/09/2026 22:25
91432eed-c36e-4f6b-94db-97f845813ba7,democratic.lat,available,1.99,32.49,high,low,10,namesilo,,,24/09/2026 05:46
e9fcd214-2bdb-489d-9102-e9eee8f97fc2,bleeder.lat,available,1.99,32.49,medium,low,7,namesilo,,,24/09/2026 05:24
e2c11e57-fba8-43ba-ad64-a266fc323e94,banderilla.lat,available,1.99,32.49,medium,low,10,namesilo,,,22/09/2026 01:12
e0fb232a-d7db-4e06-b40d-237f9fbfe85f,equipped.lat,available,1.99,32.49,high,low,8,namesilo,,,24/09/2026 14:45
7a25dd73-26f3-4074-8c66-0170dcd96927,knee.lat,available,1.8,40.98,high,low,4,namecheap,,,20/09/2026 11:27
a3502986-aa2a-462c-a4d7-5e7da7bc02c9,squanderer.lat,available,1.8,40.98,medium,low,10,namecheap,,,09/09/2026 02:39
e120410d-08ee-42a8-a01d-0fa0603c5a01,acronymous.lat,available,1.8,40.98,medium,low,10,namecheap,,,
a58ae38c-2b62-4113-83f9-031c2edffb52,principal.lat,premium,812.5,,high,low,9,name.com,,,
eedfd864-1c51-45c5-ba3e-12fcf81de2c6,enzymatic.lat,available,1.8,40.98,medium,low,9,namecheap,,,17/08/2026 10:08
be597214-ccc6-47c8-945f-c58658c67f9e,dominion.lat,premium,2660,2660,high,low,8,namesilo,,,24/09/2026 23:09
cf4acc3c-108b-4650-9fd0-2a912560a8c4,lenticular.lat,available,1.8,40.98,high,low,10,namecheap,,,09/08/2026 19:26
2d22d3b1-66df-4990-938c-dc718819fd70,acridid.lat,available,1.8,40.98,medium,low,7,namecheap,,,17/09/2026 02:59
f2864306-bfcf-4fe0-a41d-ec195793108d,thump.lat,available,1.8,40.98,high,low,5,namecheap,,,11/09/2026 15:06
f5672981-ffc3-4e6e-b7e1-707eb525e66a,anaheim.lat,available,1.99,32.49,high,low,7,namesilo,,,19/09/2026 01:31
aeb2b98a-90f9-4efc-b7e0-6232ad08c354,almaty.lat,available,1.99,32.49,high,low,6,namesilo,,,18/09/2026 12:22
71d9b95a-6091-486a-9d42-56f4afd4996a,chop.lat,available,1.99,32.49,medium,low,4,namesilo,,,
bec7449e-8720-497e-9abb-897b52eb8598,reginald.lat,available,1.99,32.49,high,low,8,namesilo,,,25/09/2026 15:10
24c55795-874b-4246-b2cf-8a08284bd765,biosafety.lat,available,1.8,40.98,high,low,9,namecheap,,,23/09/2026 18:56
ba85a9f1-83a3-48de-99bc-04e612a46aa4,blackening.lat,available,1.99,,medium,low,10,name.com,,,13/08/2026 18:12
e14e67e4-67bb-428f-a02b-c455b7298120,undeveloped.lat,available,1.99,,medium,low,11,name.com,,,
7ea7c6af-894e-43ed-b844-bcb7bc2f43df,tramontane.lat,available,1.8,40.98,medium,low,10,namecheap,,,11/09/2026 18:48
37d5d3de-019c-4633-9bbc-ea1fae4fba44,emoji.lat,available,1.99,32.49,high,low,5,namesilo,,,25/09/2026 09:43
0f0f0724-7e6d-4800-a009-19a678da93ec,asks.lat,available,1.99,32.49,medium,low,4,namesilo,,,25/09/2026 17:36
2c978e0a-601a-45ee-9ae5-b4e46d85adbd,seasonal.lat,available,1.8,40.98,high,low,8,namecheap,,,10/09/2026 00:58
71e06211-2248-4681-b537-d795b49cfbc3,salmon.lat,available,1.99,,high,low,6,name.com,,,
5f60fc41-9d0e-47c6-be0f-b8b1dc09d98b,parhelic.lat,available,1.8,40.98,medium,low,8,namecheap,,,08/09/2026 01:31
db176b51-38eb-499b-a544-01704214ce0d,premier.lat,premium,2500,,high,low,7,name.com,,,
a02d37ba-73e3-4669-a28b-1d7bf1afa97c,jacket.lat,available,1.99,,high,low,6,name.com,,,
22e7d37f-f209-4352-b07d-fdc24171847d,twinkling.lat,available,1.8,40.98,high,low,9,namecheap,,,22/08/2026 07:34
9f3c6546-a124-4381-beab-0db4d32888b8,copular.lat,available,1.8,40.98,medium,low,7,namecheap,,,13/08/2026 00:38
65550815-c9cd-49c1-93fe-5c2912556501,iodin.lat,available,1.8,40.98,high,low,5,namecheap,,,21/08/2026 17:26
7406d3ae-2715-4005-acbd-92ece63516b7,unimportant.lat,available,1.99,,medium,low,11,name.com,,,
bc9dea1c-8b66-497d-9048-4a08c35e8bbb,cattish.lat,available,1.8,40.98,medium,low,7,namecheap,,,10/08/2026 07:28
394a7d22-402d-435a-a1b3-38715a1662ad,soil.lat,available,1.99,32.49,high,low,4,namesilo,,,24/09/2026 02:55
7f18550a-574b-4fe8-9654-613652710567,earthworm.lat,available,1.99,32.49,high,low,9,namesilo,,,19/09/2026 06:33
d7653613-385b-43ad-a208-dac18db76966,offensive.lat,available,1.8,40.98,high,low,9,namecheap,,,14/08/2026 22:05
e14d9000-4cf7-4a35-9dc8-d2f64f211cf1,snuffle.lat,available,1.8,40.98,high,medium,7,namecheap,,,10/09/2026 12:50
31b322f4-a0bc-45a6-aaa5-bdfc47d144c0,regulatory.lat,available,1.8,40.98,high,low,10,namecheap,,,09/09/2026 13:17
2e471bc7-6203-4b6c-9eba-5ff8e2dff85c,sexually.lat,available,1.8,40.98,medium,low,8,namecheap,,,16/09/2026 01:18
14805cdb-3d45-453d-8f2a-418947d76188,itinerant.lat,available,1.8,40.98,high,low,9,namecheap,,,22/08/2026 11:41
c9c4746b-d291-477e-8c52-0225f76a8d2e,flor.lat,premium,812.5,,high,low,4,name.com,,,
831f318b-4371-496f-83ac-21b31613ea28,perilous.lat,available,1.8,40.98,medium,low,8,namecheap,,,08/09/2026 01:42
96cfd34e-714a-434a-96d4-1efa95f5ee26,ethnical.lat,available,1.8,40.98,high,low,8,namecheap,,,17/08/2026 13:49
a3580544-284a-4230-9065-97246f94c211,arriver.lat,available,1.99,32.49,medium,low,7,namesilo,,,20/09/2026 09:16
6b2a517d-2f85-48de-aaeb-3227b6db2041,joyfully.lat,available,1.8,40.98,high,low,8,namecheap,,,14/09/2026 21:32
0b4883e3-f8e6-41ab-bf06-5265d41a544a,backhand.lat,available,1.8,40.98,high,low,8,namecheap,,,08/08/2026 05:43
09043b3d-43b7-4c85-b1e6-c23d92eaeb52,containers.lat,available,1.99,32.49,medium,low,10,namesilo,,,19/09/2026 01:32
eb584e9f-2fc4-4935-9f84-26e66f97d739,flesh.lat,available,1.99,32.49,high,low,5,namesilo,,,25/09/2026 21:58
901c1c56-8faf-42c9-926b-292a5f0850e6,colourless.lat,available,1.8,40.98,medium,low,10,namecheap,,,12/08/2026 17:55
07c43ddf-b011-4d43-89ed-2cfe3f761e98,azonal.lat,available,1.8,40.98,medium,low,6,namecheap,,,08/08/2026 02:27
5b9dad6d-eea5-4c16-bca6-3f58803a28d6,bordered.lat,available,1.99,32.49,high,low,8,namesilo,,,22/09/2026 23:55
b5ec5802-68e7-47f7-bf18-05c3fd25e68e,alhaytham.lat,available,1.99,32.49,medium,low,10,namesilo,,,18/09/2026 00:48
76519a3d-a006-41c5-98de-19d6c73b73cb,personable.lat,available,1.8,40.98,high,low,10,namecheap,,,08/09/2026 17:59
64635b53-3c85-45a4-a1aa-f94cd22d4fa8,rounder.lat,available,1.8,40.98,high,low,7,namecheap,,,23/08/2026 00:51
8df098da-6a4a-435e-bea6-880c66243cb3,madwort.lat,available,1.8,40.98,medium,low,7,namecheap,,,18/09/2026 15:25
5afcb954-392e-4d29-a18e-5cef4a9761c1,unforeseen.lat,available,1.8,40.98,high,low,10,namecheap,,,04/09/2026 18:50
a147c91a-5ac1-4645-9155-b82e06e02f75,blaring.lat,available,1.8,40.98,medium,low,7,namecheap,,,10/08/2026 13:08
b49656ae-6a31-4353-8da6-45c13ee2064e,minus.lat,available,1.8,40.98,high,low,5,namecheap,,,25/08/2026 00:55
da15f17c-5cda-4907-94e5-289bef134f35,spousal.lat,available,1.8,40.98,high,low,7,namecheap,,,11/08/2026 03:56
6fded7e2-a9f0-4ed5-8fdb-3d377cf5c981,unspoken.lat,available,1.8,40.98,high,low,8,namecheap,,,03/09/2026 11:51
9b7a1854-dcc3-4192-97d9-5c7f7a4931d6,ductless.lat,available,1.8,40.98,medium,low,8,namecheap,,,14/08/2026 20:54
ef3dac53-7ac2-4e83-bb74-cde7688522ab,allis.lat,available,1.99,32.49,medium,low,5,namesilo,,,18/09/2026 11:06
91d66041-c2ce-4b3f-9dd9-3567c834bd9f,gur.lat,available,1.8,40.98,medium,low,3,namecheap,,,13/09/2026 06:52
df4ab905-c976-4e36-92cd-a6d022fb7069,nosocomial.lat,available,1.8,40.98,low,low,10,namecheap,,,03/09/2026 21:56
087ddecb-a447-4cb6-bf12-b87ffcc4e2b6,aboriginal.lat,available,1.8,40.98,high,low,10,namecheap,,,
6a230123-787c-455c-8afa-d96332166cc0,hellish.lat,available,1.8,40.98,medium,low,7,namecheap,,,09/08/2026 04:59
13d22b80-9cf0-430c-a160-06a7155b1902,valiant.lat,available,1.8,40.98,high,low,7,namecheap,,,13/09/2026 00:55
e5f8cbc6-70d5-4495-b0b7-1aabe4e1f034,hebrew.lat,available,1.8,40.98,high,low,6,namecheap,,,21/08/2026 05:43
262af83a-956a-47ca-916a-3d92d611406b,dodgy.lat,available,1.8,40.98,medium,low,5,namecheap,,,12/08/2026 01:46
4f2688df-2963-4e0a-a7d8-494afc2c460c,soup.lat,available,1.99,,high,low,4,name.com,,,
285b1d54-92c2-4a77-bed4-578be4d8cffe,miniskirt.lat,available,1.8,40.98,high,low,9,namecheap,,,24/08/2026 23:47
c5906048-7c3d-4aa2-b5bb-b66a6d6f8bf6,unveil.lat,available,1.99,,high,low,6,name.com,,,
7aa790ae-4f2b-434d-b021-cbc8fb6720a9,barrow.lat,available,1.8,40.98,medium,low,6,namecheap,,,22/09/2026 08:41
beac8410-efdc-4b22-92e4-36cad8b848d0,disgust.lat,available,1.99,32.49,high,low,7,namesilo,,,
11dc532f-95f5-451e-b3e9-a98a706499da,seditious.lat,available,1.8,40.98,medium,low,9,namecheap,,,22/08/2026 01:29
903e8337-0a78-47aa-8ec3-d356a94a07fc,closeness.lat,available,1.99,32.49,high,low,9,namesilo,,,24/09/2026 15:57
38e28c5a-ce05-458e-aa66-03d82b6613fa,autogiro.lat,available,1.99,32.49,medium,low,8,namesilo,,,21/09/2026 06:22
30e9987f-6b2a-42f4-82b6-9a9dfb0d8253,endoscopic.lat,available,1.8,40.98,medium,low,10,namecheap,,,17/08/2026 01:19
cb385477-7661-40c0-b31a-22db86221085,beefburger.lat,available,1.99,32.49,high,low,10,namesilo,,,23/09/2026 01:04
d4e317be-4f46-4212-9da4-620d6bda4a53,madcap.lat,available,1.8,40.98,medium,low,6,namecheap,,,11/08/2026 01:38
b9b17ff2-1ea4-4732-99e8-6f9ed22d9819,bait.lat,available,1.8,40.98,high,low,4,namecheap,,,21/09/2026 19:42
e05d714c-235b-4f70-9e52-adef6d3c6a2a,trippingly.lat,available,1.8,40.98,medium,low,10,namecheap,,,15/09/2026 11:20
e66f982c-0236-4f68-953d-d49a53ec2e04,enclothe.lat,available,1.8,40.98,medium,low,8,namecheap,,,19/09/2026 19:54
7ee10f56-99b6-4283-95be-fac7dc321d1c,buttermilk.lat,available,1.8,40.98,high,low,10,namecheap,,,24/09/2026 11:20
6af84891-3638-4632-b5e3-9d279f762341,talented.lat,available,1.8,40.98,high,low,8,namecheap,,,18/08/2026 23:26
e57995fe-5649-480e-a34d-b4493c21c453,disposed.lat,available,1.99,32.49,high,low,8,namesilo,,,
9c0c7353-7dcf-4501-bca2-a372dadf7eae,permanent.lat,available,1.8,40.98,high,low,9,namecheap,,,22/08/2026 20:24
a3c77b4f-a3ce-41a6-85a0-0c3797fe48c3,kindred.lat,premium,2500,2500,high,low,7,name.com,,,
285c08aa-0fea-4ceb-86d2-9fedda741e24,whereabouts.lat,available,1.99,,high,low,11,name.com,,,
c9203800-1196-4e53-aebb-a13722ef0fae,rigorously.lat,available,1.8,40.98,medium,low,10,namecheap,,,15/09/2026 23:46
862e2263-207d-473e-a008-a234ca6835b3,hand.lat,available,1.99,,high,low,4,name.com,,,
5972044b-7252-4885-8792-945e5aa44fb8,nicaean.lat,available,1.8,40.98,high,low,7,namecheap,,,03/09/2026 16:59
63e23a8d-ac13-4eb9-b829-48c6c7e4f7b7,thalassic.lat,available,1.8,40.98,medium,low,9,namecheap,,,11/09/2026 12:22
066d9dc5-5461-4ad5-8885-8095eb595f6a,leftish.lat,available,1.8,40.98,medium,low,7,namecheap,,,22/08/2026 22:47
27bc699e-d4e0-458e-ba28-f0a00279d272,ulterior.lat,available,1.8,40.98,medium,low,8,namecheap,,,22/08/2026 20:32
b8ea4e3e-c701-4b20-a156-cb5a3ddead75,jumped.lat,available,1.99,32.49,medium,low,6,namesilo,,,25/09/2026 19:41
aeaf02af-86eb-4e74-9fd8-6b7e3e5d239a,bilgewater.lat,available,1.99,32.49,medium,low,10,namesilo,,,21/09/2026 23:46
a159ffd2-4f63-4d10-84d4-c815fd118d11,alacritous.lat,available,1.8,40.98,high,low,10,namecheap,,,
8aa3e507-2fc1-4b9e-8682-7b87a5b70000,edged.lat,available,1.99,41.99,high,low,5,name.com,,,13/08/2026 13:14
12ce98b4-bef6-433c-bd13-f18fa1ae8a15,yearlong.lat,available,1.8,40.98,medium,low,8,namecheap,,,13/09/2026 14:24
eb629165-6af1-47d9-8f4d-24b79cbc9a68,camisole.lat,available,1.99,32.49,high,low,8,namesilo,,,24/09/2026 11:52
e63706ab-7b44-4af0-93a5-5140bdffcc64,touristy.lat,available,1.8,40.98,medium,low,8,namecheap,,,11/09/2026 18:22
19fdbbac-28d5-4901-8c9d-7ebfaa18de4a,blasphemer.lat,available,1.8,40.98,medium,low,10,namecheap,,,24/09/2026 04:14
073635e5-90cd-4762-8d17-1379d8f84735,claire.lat,available,1.99,32.49,high,low,6,namesilo,,,
12645823-58c2-446f-a00d-924d75a56065,shaping.lat,available,1.8,40.98,high,low,7,namecheap,,,10/09/2026 05:59
11d32b95-6401-43dc-b4db-b8728af78630,waybill.lat,available,1.99,32.49,medium,low,7,namesilo,,,23/09/2026 16:05
a73db890-353b-4e5b-9d4e-c01e04e041d0,afar.lat,available,1.8,40.98,medium,low,4,namecheap,,,13/09/2026 17:46
8b246dc0-9a76-43d7-869b-e2e0cfd9b71a,truly.lat,premium,2500,,high,low,5,name.com,,,
1268ee16-e307-48bb-b1e0-caf4dd11b906,sequence.lat,available,1.8,40.98,high,low,8,namecheap,,,24/09/2026 14:56
806de6b0-00b0-449a-87d8-d54e1571e62d,sicilian.lat,available,1.8,40.98,high,low,8,namecheap,,,10/09/2026 07:29
2975af3d-f1bc-4584-aa49-02f7cf1dfa78,coated.lat,available,1.8,40.98,medium,low,6,namecheap,,,12/08/2026 14:14
4836bb67-a01c-42ee-971d-66f79f82c67f,anastrophe.lat,available,1.99,32.49,medium,low,10,namesilo,,,19/09/2026 03:23
26f0783c-0f95-43b6-bff3-eab61bb23c1d,fisheye.lat,available,1.8,40.98,high,low,7,namecheap,,,18/08/2026 05:28
b42726cf-dfcd-4741-8133-8a15eacf8ec9,sandals.lat,available,1.8,40.98,high,low,7,namecheap,,,20/09/2026 14:52
20f56df4-e690-4c50-a0f3-fef99e820d62,sushi.lat,available,1.99,,high,low,5,name.com,,,
9b40769f-ca59-46a7-b0ba-e3f85420597e,punitory.lat,available,1.8,40.98,high,medium,8,namecheap,,,09/09/2026 06:03
48d9456f-5cb3-4ff7-aeb7-0ec7b9ae9403,seductive.lat,available,1.8,40.98,high,low,9,namecheap,,,10/09/2026 01:39
cc91e0cb-295f-40c8-a3eb-15654081e3c3,oversee.lat,available,1.99,,high,low,7,name.com,,,
0b6aaf66-6e51-4c34-abee-3f2cbfbf3f94,decently.lat,available,1.8,40.98,medium,low,8,namecheap,,,13/08/2026 21:14
30f72f8c-cf41-4da5-bce4-fa96c3d82dc9,barnum.lat,available,1.99,32.49,high,low,6,namesilo,,,22/09/2026 06:55
266b12c7-8bbe-4fb0-8f0e-f9cefd4e142a,breathing.lat,available,1.8,40.98,high,low,9,namecheap,,,11/08/2026 03:18
778661cd-9edc-417b-8a7a-5ec08d8b5742,catered.lat,available,1.99,32.49,medium,low,7,namesilo,,,20/09/2026 17:04
0ee552a3-65e6-4c2f-bdaf-52057540bc75,auc.lat,available,1.99,32.49,high,low,3,namesilo,,,21/09/2026 02:37
94eb29fd-e321-4c9d-aae2-8cf48a0a4da4,tirana.lat,available,1.99,32.49,high,low,6,namesilo,,,18/09/2026 02:27
1228d251-4421-4f91-9418-0db7f71dcb6c,trex.lat,premium,2600,2600,high,low,6,namecheap,,,18/09/2026 12:51
16afc00b-4da3-4f1f-bf1c-98b34f3a0a9b,configured.lat,available,1.8,40.98,high,low,10,namecheap,,,12/08/2026 20:47
c3e760be-0075-4b05-a9a7-60ba9fd4c616,consulate.lat,available,1.99,32.49,high,low,9,namesilo,,,24/09/2026 17:37
0d1dc2bc-1114-40ac-b9f0-ee7a981facad,sneering.lat,available,1.8,40.98,high,medium,8,namecheap,,,10/09/2026 12:32
ef52d683-3077-4b28-838d-98882d61b686,hairless.lat,available,1.8,40.98,high,low,8,namecheap,,,20/08/2026 22:13
3d9eba04-f5a4-4560-94fc-f5181c4978d0,tortrix.lat,available,1.99,32.49,medium,low,7,namesilo,,,20/09/2026 05:04
4de97cef-0708-4bb5-8c55-171dc52cd235,birmingham.lat,available,1.8,40.98,high,low,10,namecheap,,,11/08/2026 06:43
c0dbf2f3-0e36-4ace-84a0-ad132a52262a,oxonian.lat,available,1.8,40.98,medium,low,7,namecheap,,,04/09/2026 22:32
e0c734b1-efc2-48e8-8bcc-793b03a9d439,yur.lat,available,1.99,,high,low,3,name.com,,,
9a7d1f3a-3b4e-4419-86fc-d6d3104ba393,endocrine.lat,available,1.8,40.98,high,low,9,namecheap,,,17/08/2026 01:00
899aaae3-02e5-4e6d-9031-1668107176c9,barcarolle.lat,available,1.8,40.98,high,low,10,namecheap,,,22/09/2026 05:06
42052835-16d2-484d-bb3e-7f04fb98bae3,overfull.lat,available,1.8,40.98,medium,low,8,namecheap,,,20/08/2026 15:31
b86c0644-e835-4ada-81db-f2a1c7b5a7b4,analgesic.lat,available,1.8,40.98,medium,low,9,namecheap,,,
f2c2e014-fc18-4302-81e7-61be3d391836,appease.lat,available,1.8,40.98,high,low,7,namecheap,,,18/08/2026 22:08
2f8542f7-f5bc-4bed-bf46-26c0c2607fca,albescent.lat,available,1.8,40.98,medium,low,9,namecheap,,,
759aeb22-e726-4aa6-8401-c87effe5e698,exactly.lat,available,1.99,32.49,high,low,7,namesilo,,,26/09/2026 00:15
bbe3d1d0-5cfa-4023-91cf-32b6d7b7b3d1,nihilistic.lat,available,1.8,40.98,medium,low,10,namecheap,,,03/09/2026 17:24
35b7d441-b394-42a9-b20a-9c6cbae36cc6,lightweight.lat,available,1.99,,high,low,11,name.com,,,
b5f13ad2-57f5-4495-b5e0-77ac1d5ca0e3,alias.lat,available,1.99,32.49,high,low,5,namesilo,,,
d7518406-2675-46f4-99e0-ef1772d58a86,chewy.lat,available,1.8,40.98,high,high,5,namecheap,,,12/08/2026 04:32
a5810462-44cb-42e1-b386-a69de1a952e8,bead.lat,available,1.99,32.49,high,low,4,namesilo,,,
78d949ac-8959-47d6-a317-a4d6ad20be7f,trillion.lat,available,1.8,40.98,high,low,8,namecheap,,,11/09/2026 19:49
ef88003e-c27c-4639-b8f6-4e11737b942c,aphelion.lat,available,1.99,32.49,medium,low,8,namesilo,,,19/09/2026 16:55
221320ef-5d37-46db-9f04-918c55c5a1c1,asymptote.lat,available,1.99,32.49,medium,low,9,namesilo,,,20/09/2026 18:41
1306f7b7-cf4b-48b5-8e40-5ee7d8545c07,scenes.lat,available,1.99,32.49,medium,low,6,namesilo,,,18/09/2026 15:27
41dbdd78-1ed9-4bf3-8443-220ec4c5546d,sixer.lat,available,1.8,40.98,medium,low,5,namecheap,,,
032ad548-d381-4a1b-a7a4-6da3b60b40f1,hill.lat,available,1.99,,high,low,4,name.com,,,
c92a2ecb-708f-4717-99b1-6867094b2703,obsessed.lat,available,1.8,40.98,medium,low,8,namecheap,,,21/08/2026 01:32
586ce75c-736f-4f0d-8f3b-096959bffaa6,alertness.lat,available,1.99,32.49,high,low,9,namesilo,,,18/09/2026 05:27
b75fa78e-c615-44ed-87ad-d8566254a545,echt.lat,available,1.8,40.98,high,low,4,namecheap,,,14/08/2026 23:41
d995842a-97c3-4e53-9e52-8c5285628e72,visionary.lat,available,1.8,40.98,high,low,9,namecheap,,,13/09/2026 06:13
4001dc67-8767-4e9e-886e-88d6549a01a3,lonely.lat,available,1.99,,high,low,6,name.com,,,
22a17ddb-8f5a-44ca-a746-5090fafc3547,patristic.lat,available,1.8,40.98,medium,low,9,namecheap,,,08/09/2026 10:38
3f5cfefd-42dd-431a-b203-d1ddfbb6707f,optionally.lat,available,1.99,,high,low,10,name.com,,,
9eb61bd4-e3f1-41e3-8f2e-f2a7db26df60,chordate.lat,available,1.8,40.98,medium,low,8,namecheap,,,12/08/2026 07:12
7d154baf-8b78-4ca5-87be-35d7ae4fafbf,carrying.lat,available,1.99,32.49,high,low,8,namesilo,,,
a51a3d65-b4a8-4afc-8898-81a774857536,khz.lat,available,1.99,32.49,high,low,3,namesilo,,,25/09/2026 08:09
2441f933-8d86-4d0c-9e97-0d03c2e276ef,uncensored.lat,available,1.8,40.98,high,low,10,namecheap,,,12/09/2026 04:53
7a7a6156-1c2d-4120-b156-8edc45bb5783,malleable.lat,available,1.8,40.98,medium,low,9,namecheap,,,14/08/2026 20:52
02c2eb01-fc02-4067-a378-2c07f7aa7472,caused.lat,available,1.8,40.98,medium,low,6,namecheap,,,25/09/2026 18:57
58282dae-659b-49c9-9941-5be56602a13f,christi.lat,available,1.8,40.98,medium,low,7,namecheap,,,25/09/2026 21:26
76f0fb3b-b9d6-4374-8e6c-ace02e32a419,phantasy.lat,available,1.8,40.98,high,low,8,namecheap,,,17/08/2026 21:58
88ba6b1b-7549-406f-99d0-dea17a773864,freely.lat,available,1.99,,high,low,6,name.com,,,
589f6e51-e1c8-4a3e-94ca-c09df0238330,fungicide.lat,available,1.8,40.98,medium,low,9,namecheap,,,
a8cde77f-70ff-4934-b6a5-cc23337e1856,ataxic.lat,available,1.8,40.98,medium,low,6,namecheap,,,07/08/2026 12:32
929e11b6-b979-4e85-965c-47b973efc1c7,hodgkin.lat,available,1.99,32.49,medium,low,7,namesilo,,,18/09/2026 01:43
3dd1a4a8-6754-4ad8-adc6-ef7c99e59fda,freddie.lat,available,1.8,40.98,high,low,7,namecheap,,,26/09/2026 03:15
dd7d8b3a-1eeb-461e-87aa-b706db0a6cd6,backspacer.lat,available,1.99,32.49,medium,low,10,namesilo,,,21/09/2026 16:02
28a5b35d-7126-4487-8d1a-b76842a2fa94,boss.lat,premium,2660,2660,high,high,4,namesilo,,,23/09/2026 00:45
792e14bc-4fdd-4c50-bc15-f8888b43d29e,treeless.lat,available,1.8,40.98,medium,low,8,namecheap,,,11/09/2026 19:10
d9fe6892-c211-406c-9694-01bd5e7406d9,pouf.lat,available,1.8,40.98,medium,low,4,namecheap,,,09/09/2026 08:13
22920ac4-90d4-48bc-8de8-8c186c0f5e48,invalidate.lat,available,1.8,40.98,high,low,10,namecheap,,,13/09/2026 06:37
4f281497-a7e4-4829-b4d9-fd8ea333be58,commenting.lat,available,1.99,,high,low,10,name.com,,,
49136043-b5cf-414f-9da2-36e0af85f488,affine.lat,available,1.8,40.98,high,low,6,namecheap,,,
725687ee-dee6-45f6-a7c9-d3c2e9d8cf32,spanking.lat,available,1.8,40.98,high,low,8,namecheap,,,11/08/2026 04:33
ee5ad424-bdb5-4f19-a4d6-7070a8fee1f5,miry.lat,available,1.8,40.98,medium,low,4,namecheap,,,10/08/2026 17:05
eec50954-a752-4c2d-af89-e78f313f47ff,heavy.lat,available,1.99,41.99,high,low,5,name.com,,,22/09/2026 07:40
edbd561e-31c5-4d72-8410-4f63d6479010,swamp.lat,available,1.99,32.49,high,low,5,namesilo,,,24/09/2026 21:44
f9e8a368-b145-446e-bbea-edbcf492ea7d,intently.lat,available,1.8,40.98,medium,low,8,namecheap,,,15/09/2026 08:56
03202e21-15b3-4614-bb17-de9330b1287c,isothermal.lat,available,1.8,40.98,medium,low,10,namecheap,,,22/08/2026 11:22
0bb3e2f8-66e2-4a0a-8ad9-3ecc21f82a00,kirkland.lat,premium,2500,,high,high,8,name.com,,,
4982f3f2-c1fd-4024-8676-e59c1e071672,aftertaste.lat,available,1.99,32.49,high,low,10,namesilo,,,17/09/2026 15:52
69e3a33e-f20d-4bd8-a072-92d66bc32ead,unlearned.lat,available,1.8,40.98,medium,low,9,namecheap,,,21/08/2026 18:31
3c6be2ae-03fc-4efe-b942-3f1f44dd13b9,general.lat,premium,812.5,812.5,high,low,7,name.com,,,18/08/2026 21:23
91a3def2-a05c-4b55-a4c4-fa74f105814d,adoptee.lat,available,1.99,32.49,high,low,7,namesilo,,,17/09/2026 09:39
957e995e-f93f-4798-9763-5e3f35e533ab,intangible.lat,available,1.8,40.98,high,low,10,namecheap,,,21/08/2026 21:42
bcbb23c1-a338-43df-a3ed-9ee8c18a7e8b,jiffy.lat,available,1.8,40.98,high,low,5,namecheap,,,22/08/2026 07:30
0a5ea151-0ed6-4ee7-a64e-2cee616eca29,mechanical.lat,available,1.99,32.49,high,low,10,namesilo,,,25/09/2026 18:43
22245d1e-521f-456c-aa66-956b93b133da,bankrupt.lat,available,1.8,40.98,medium,low,8,namecheap,,,08/08/2026 13:29
e561b716-ea83-40d6-a06a-03c3ec3df365,florid.lat,available,1.8,40.98,medium,low,6,namecheap,,,07/08/2026 17:26
bf15e757-f662-45bb-9e8e-51caf9278f84,gripping.lat,available,1.99,32.49,high,low,8,namesilo,,,21/09/2026 15:05
a2197262-a3bd-4753-9cda-aabe1c652a99,scars.lat,available,1.99,32.49,medium,low,5,namesilo,,,20/09/2026 11:02
976bf5b4-6fde-474a-9e38-345f8732f6f1,aberdonian.lat,available,1.8,40.98,medium,low,10,namecheap,,,
6c3d7b3d-e375-4c4c-85d5-7538b724d3fb,astatine.lat,available,1.99,32.49,medium,low,8,namesilo,,,20/09/2026 16:55
b67414b4-b50c-419a-8fd8-ec1aeae96275,competency.lat,available,1.99,32.49,high,low,10,namesilo,,,24/09/2026 16:48
9fb9c1f2-c951-4ed3-b998-cff721ac4333,endermic.lat,available,1.8,40.98,medium,low,8,namecheap,,,17/08/2026 00:56
b088ab57-e804-4634-9cef-9aace47655f8,somerset.lat,available,1.8,40.98,high,low,8,namecheap,,,18/08/2026 08:27
0933feaf-3b80-48d6-82c5-12a5a54deba1,benthic.lat,available,1.8,40.98,medium,low,7,namecheap,,,09/08/2026 14:45
d67fb502-f3cf-452c-9264-e899942e3c60,spic.lat,available,1.8,40.98,medium,low,4,namecheap,,,21/08/2026 20:44
299a832e-dd8d-48b3-a128-a38423b7101c,mangy.lat,available,1.8,40.98,medium,low,5,namecheap,,,24/08/2026 14:50
b7ff2f1c-f365-492b-b8cc-8d868253151d,acentric.lat,available,1.8,40.98,medium,low,8,namecheap,,,
cc9d8b3d-8486-4594-88a8-3c6d26243eb5,anagnost.lat,available,1.99,32.49,medium,low,8,namesilo,,,19/09/2026 01:26
feb7b7f3-fb21-41f1-be8d-96349b2e15b0,diehards.lat,available,1.99,32.49,medium,low,8,namesilo,,,20/09/2026 23:29
9eef2f03-231e-4265-9204-21d17043e603,none.lat,available,1.99,32.49,high,low,4,namesilo,,,25/09/2026 23:02
a8f97eba-c419-4a96-b73a-ed416b832a59,acrid.lat,available,1.8,40.98,medium,low,5,namecheap,,,
0cbb34d0-0d77-456a-a4d7-40aad61dfa80,sedate.lat,available,1.8,40.98,high,low,6,namecheap,,,20/08/2026 18:40
f915b2fc-eef1-4fbe-ba77-21784d9c4d50,blether.lat,available,1.8,40.98,medium,low,7,namecheap,,,24/09/2026 04:49
a337b063-7d0b-455c-8268-c11f3918b197,sawtooth.lat,available,1.99,,medium,low,9,name.com,,,
cb7ea84e-0ab9-427e-872c-f070e2a72373,agincourt.lat,available,1.8,40.98,high,low,9,namecheap,,,17/09/2026 17:59
b811182a-63f8-42ca-8c81-421d68be08c6,ascoma.lat,available,1.99,32.49,medium,low,6,namesilo,,,20/09/2026 13:22
f824023a-8b21-429b-9a5c-686ee50b0af6,beaumont.lat,available,1.99,32.49,high,low,8,namesilo,,,22/09/2026 22:14
d17fc88f-e02f-4736-8c8f-d2493a105989,cheyenne.lat,available,1.8,40.98,high,low,8,namecheap,,,24/09/2026 12:34
878d0798-67a0-45ad-9c60-42b5b3d28498,aspirin.lat,available,1.99,32.49,high,medium,7,namesilo,,,
51f6d9da-b048-458a-8e21-3e681a10d58b,alkeran.lat,available,1.99,32.49,medium,low,7,namesilo,,,18/09/2026 08:31
46e806fa-3685-407d-acc6-093f5ae35d7a,slyly.lat,available,1.8,40.98,medium,low,5,namecheap,,,14/09/2026 09:08
fc95f659-3928-49f3-87ae-7fa1a0305ae8,ventolin.lat,available,1.99,32.49,high,low,8,namesilo,,,18/09/2026 03:33
bef39a11-0026-4407-aa16-111ff5040644,lloyd.lat,available,1.8,40.98,high,low,5,namecheap,,,25/09/2026 06:57
fb3aab97-22f3-455e-bb52-0f85e7f9c0d7,catclaw.lat,available,1.99,32.49,medium,low,7,namesilo,,,23/09/2026 23:59
268183db-8adf-487b-a800-ed3a52380e30,incitive.lat,available,1.8,40.98,medium,low,8,namecheap,,,22/08/2026 01:27
2068d446-8f0c-4a09-aad2-dd1d196549e2,lithesome.lat,available,1.8,40.98,medium,low,9,namecheap,,,24/08/2026 01:12
2ef6aadc-2cbe-46fc-940a-e843a1fefedb,laying.lat,available,1.99,32.49,high,low,6,namesilo,,,25/09/2026 22:34
2939d1c5-8bb6-4bb4-96b9-0ab07f295060,flammable.lat,available,1.8,40.98,high,low,9,namecheap,,,18/08/2026 06:32
35ae7639-686e-452f-820b-642ff6fa5fef,apulia.lat,available,1.99,32.49,medium,low,6,namesilo,,,19/09/2026 22:42
48eaf416-2b23-4eb3-b736-f36e65fece9f,bacterial.lat,available,1.99,41.99,high,low,9,name.com,,,22/09/2026 16:00
9c93da3a-6a82-48f3-9133-3271eeaf0c69,tenfold.lat,available,1.8,40.98,high,low,7,namecheap,,,14/08/2026 01:44
1675bf8a-4cf0-4767-a730-b0d157f28c75,aspect.lat,available,1.99,32.49,high,low,6,namesilo,,,
79a8700e-8b38-42d9-aac9-de14781a9f7f,uphill.lat,available,1.8,40.98,medium,low,6,namecheap,,,
32249b17-06bc-4209-906f-3e462be86356,waste.lat,available,1.99,32.49,high,low,5,namesilo,,,22/09/2026 17:29
ccdf6eff-630c-49e4-9945-06dd58986ecc,sanative.lat,available,1.8,40.98,medium,low,8,namecheap,,,
2a57aaff-e454-4f35-b886-5f4e81bdeb61,receding.lat,available,1.8,40.98,medium,low,8,namecheap,,,09/09/2026 11:16
ad504c35-af53-416e-a007-36fa2a40bb02,headteacher.lat,available,1.99,,high,low,12,name.com,,,
5273d323-fb1d-4c32-aa21-0b0427766bcc,addresses.lat,available,1.99,,medium,low,9,name.com,,,
b498218f-00e5-4461-8d66-76769d5a20d4,inhouse.lat,available,1.99,,high,low,8,name.com,,,
696adabe-7ab3-4053-8aeb-53bfa0b6d31b,helped.lat,available,1.8,40.98,medium,low,6,namecheap,,,25/09/2026 18:33
ecf626bd-7350-4c05-bf41-e6ce7d3deef4,recreation.lat,available,1.99,32.49,high,low,10,namesilo,,,24/09/2026 23:18
1d086e74-c6e6-43f4-9fd6-5817c33e87bb,playdate.lat,available,1.99,,high,low,9,name.com,,,
bb001148-58f5-4727-a128-6b533d07db34,establishments.lat,available,1.99,32.49,low,low,14,namesilo,,,
6f77e1aa-37c0-4018-9ab6-1eaaf3712a6d,chesty.lat,available,1.8,40.98,high,low,6,namecheap,,,06/08/2026 22:08
d0eb89e6-adad-45a3-9a34-5028b7b43c6c,mollify.lat,available,1.8,40.98,high,low,7,namecheap,,,18/08/2026 22:10
bf20ddad-342a-4ade-a67c-ba980f7b46d5,urinate.lat,available,1.8,40.98,medium,low,7,namecheap,,,13/09/2026 09:41
0626f405-fc9d-4e6d-8bbd-0b67776f1e7c,drinkable.lat,available,1.8,40.98,high,low,9,namecheap,,,14/08/2026 19:23
88075160-f68f-47cd-aeb2-2f384e4333f3,deuce.lat,available,1.8,40.98,high,low,5,namecheap,,,21/09/2026 12:17
56a3185e-8240-4500-82ff-1daa26b76bdd,proved.lat,available,1.99,,high,low,6,name.com,,,
55c7b713-2818-4efb-b52b-d47bddc9b6ef,pummel.lat,available,1.8,40.98,medium,low,6,namecheap,,,23/09/2026 13:52
903ee30c-024f-4bed-a0d5-e2c64fe0aa6c,droning.lat,available,1.8,40.98,medium,low,7,namecheap,,,25/08/2026 05:28
41c30bbf-4a33-409d-b39c-d18d34edfee7,sterilised.lat,available,1.8,40.98,medium,low,10,namecheap,,,10/09/2026 20:13
d2405f54-7cf3-4bea-9a0f-ee69d9e35950,speculate.lat,available,1.99,,high,low,9,name.com,,,
eefa3b59-9f91-4b24-b117-9603ee8cf439,fraudulent.lat,available,1.8,40.98,medium,low,10,namecheap,,,13/08/2026 21:10
dfb9f1f6-d0f1-438c-aa9f-a28f9b6436e6,stain.lat,available,1.99,32.49,high,low,5,namesilo,,,25/09/2026 16:55
00318f6a-d312-4f04-b8cc-2f7dc31398af,coalescing.lat,available,1.8,40.98,high,low,10,namecheap,,,12/08/2026 13:53
76a544e0-6e48-4af0-8ca5-9958f2b88e87,hairy.lat,available,1.8,40.98,high,low,5,namecheap,,,24/09/2026 23:10
90780cb9-f241-4d15-845b-1b80e2b60ab1,stocky.lat,available,1.8,40.98,medium,low,6,namecheap,,,21/08/2026 05:33
530914f8-36e1-4e0e-a054-f594601d852f,floaty.lat,available,1.8,40.98,high,low,6,namecheap,,,11/08/2026 10:08
4487f90e-960f-43b8-9e3f-22138511f751,alee.lat,available,1.8,40.98,low,low,4,namecheap,,,13/09/2026 18:38
3ab55094-a2b2-4ff6-9e7f-8e5b1faf9b34,bewitch.lat,available,1.8,40.98,high,low,7,namecheap,,,21/08/2026 07:41
7af8013d-b258-4ecf-8c82-6131150aa809,surreal.lat,available,1.8,40.98,high,low,7,namecheap,,,14/08/2026 18:46
1abefa31-806e-468f-966e-9bf85759ab9e,somali.lat,available,1.8,40.98,high,low,6,namecheap,,,10/09/2026 13:58
2e5f0f8f-4cf1-4774-b032-3ab727f1e517,alidad.lat,available,1.99,32.49,medium,low,6,namesilo,,,18/09/2026 07:31
05782193-55a7-450e-99a0-0fa21844229b,arbitrary.lat,available,1.8,40.98,high,low,9,namecheap,,,06/08/2026 12:54
0c3a0c1c-88c9-440f-8b7e-af51c64ecede,sequel.lat,available,1.99,,high,low,6,name.com,,,
416181dd-ee36-4c34-b543-2e7fc90579a8,confession.lat,available,1.99,32.49,high,low,10,namesilo,,,
085b6590-153a-4132-a89d-2f9131dfbff2,atar.lat,available,1.8,40.98,medium,low,4,namecheap,,,20/09/2026 19:24
416816b8-61dd-476b-b93d-57e2bfc68d13,sedgy.lat,available,1.8,40.98,medium,low,5,namecheap,,,10/09/2026 01:38
9a52c853-49e5-4348-9a0a-e3f15b9cfd68,dartmouth.lat,premium,2660,2660,medium,low,9,namesilo,,,25/09/2026 04:45
a947d3f2-c925-4b02-970d-609bcfc3e30b,piscine.lat,available,1.8,40.98,high,medium,7,namecheap,,,08/09/2026 20:00
e830a485-9c74-4c8d-8d77-a490c726ed84,attilio.lat,available,1.99,32.49,medium,low,7,namesilo,,,21/09/2026 01:49
3ee7ad4e-6ca7-4deb-8727-93e801fe6fa7,closest.lat,available,1.99,32.49,high,low,7,namesilo,,,
cc1d3361-4747-4546-81cf-642329fa44a1,overfond.lat,available,1.8,40.98,medium,low,8,namecheap,,,04/09/2026 20:35
c2a5693b-6036-4930-adb9-8a4aac999ce4,quavering.lat,available,1.8,40.98,medium,low,9,namecheap,,,09/09/2026 07:44
d5ab1647-f495-4598-bc7a-b8937cdab3d7,unripe.lat,available,1.8,40.98,medium,low,6,namecheap,,,12/09/2026 18:30
6eabd4b4-392c-4af6-84bb-bd8f8a65cf20,nutella.lat,available,1.99,32.49,high,medium,7,namesilo,,,19/09/2026 10:13
e3368b0d-15f8-487b-b7df-dd4ff782e8f3,colonic.lat,available,1.8,40.98,medium,low,7,namecheap,,,12/08/2026 17:22
7fa006c6-26ba-4f15-a395-f41ff93a63cb,multicolor.lat,available,1.8,40.98,high,low,10,namecheap,,,03/09/2026 10:35
b9c6dcb8-15ae-4c94-a724-d189aef9944e,christie.lat,available,1.8,40.98,high,low,8,namecheap,,,17/09/2026 16:30
351e69e9-e6f2-460b-aa72-2676387f34ad,wiggly.lat,available,1.8,40.98,high,low,6,namecheap,,,10/09/2026 08:40
3f91e63f-2880-4d81-b975-c8ee7974bcfc,doodlebug.lat,available,1.99,32.49,medium,low,9,namesilo,,,19/09/2026 12:18
5e3e6714-3fba-4dff-9ebf-7fee16d72d01,printers.lat,available,1.99,32.49,medium,low,8,namesilo,,,21/09/2026 00:30
2c979778-e10e-45dd-a5f3-7cb309022b39,incarnate.lat,available,1.8,40.98,high,low,9,namecheap,,,16/08/2026 09:36
0366915d-3a82-46ed-88cb-c29f379a5d63,tethys.lat,available,1.8,40.98,medium,low,6,namecheap,,,19/09/2026 17:56
9823ba27-efb3-4dea-9624-eb151700564c,illiterate.lat,available,1.8,40.98,medium,low,10,namecheap,,,21/08/2026 20:03
e236401a-920d-40c1-8096-eacb9f286ac5,linearly.lat,available,1.8,40.98,medium,low,8,namecheap,,,15/09/2026 12:25
5e7810f6-0315-457d-bb55-660469902d33,commodious.lat,available,1.8,40.98,high,low,10,namecheap,,,12/08/2026 19:10
5d9cde02-74a5-4151-9c44-0b77fc638291,margaret.lat,available,1.8,40.98,high,low,8,namecheap,,,25/09/2026 18:23
65a586f8-2aaf-4e42-bb20-218be629278e,nettled.lat,available,,,medium,low,7,,,,
b4c5797d-0c8c-4080-af9b-f3561fa2f391,advertisement.lat,available,1.99,32.49,high,low,13,namesilo,,,
d3d9c7a3-4ef1-4d57-8b43-9d785b76c0fe,araguaia.lat,available,1.99,32.49,medium,low,8,namesilo,,,19/09/2026 23:45
87b60ea1-5b0d-4024-bf5a-38546ad5de49,stretchout.lat,available,1.99,32.49,medium,low,11,namesilo,,,17/09/2026 05:03
479e7aec-d7dd-4171-9471-c926cd2dadf6,insouciant.lat,available,1.8,40.98,medium,low,10,namecheap,,,11/08/2026 20:34
227fb948-25a2-4f81-a6a2-2db29d719f18,pillage.lat,available,1.8,40.98,medium,low,7,namecheap,,,08/09/2026 21:56
fdd9a449-4266-4a71-825a-805061295007,argun.lat,available,1.99,32.49,medium,low,5,namesilo,,,20/09/2026 04:51
75f8b5b7-0a77-42f4-96e6-31058d6434df,lowest.lat,available,1.8,40.98,medium,low,6,namecheap,,,22/08/2026 20:22
bc2ba5d1-1d3e-449d-ad14-873c54a42abd,hundredth.lat,available,1.8,40.98,high,low,9,namecheap,,,
244f94df-7769-4a0e-ad52-59a72a72264e,abronia.lat,available,1.99,32.49,medium,low,7,namesilo,,,16/09/2026 17:19
1a4a50b0-a11b-429c-b3be-e13bd67a8398,allium.lat,available,1.99,32.49,high,low,6,namesilo,,,18/09/2026 11:13
b999c971-284d-4aa6-81ae-df7e159c4db2,winey.lat,available,1.8,40.98,medium,low,5,namecheap,,,13/09/2026 12:27
f0902609-363a-44f9-892f-93f733b55538,behave.lat,available,1.99,32.49,high,low,6,namesilo,,,
84cf6c88-0ec5-4c28-8e88-468056b028bb,flu.lat,available,1.99,32.49,high,low,3,namesilo,,,
4998cd40-38ab-42c2-9f69-bdf83d8e5e67,aculea.lat,available,1.99,32.49,low,low,6,namesilo,,,17/09/2026 05:32
461946b0-d469-485e-8e09-750496378835,downcast.lat,available,1.8,40.98,medium,low,8,namecheap,,,14/08/2026 17:33
22352c75-11a8-4e2c-bfbf-d49357601f2d,aweigh.lat,available,1.8,40.98,low,low,6,namecheap,,,07/08/2026 14:29
db26a112-fe96-4bff-b15a-c13b05074a11,andvari.lat,available,1.99,32.49,medium,low,7,namesilo,,,19/09/2026 05:02
6ed0901e-f04d-4ce5-8424-d0bd5361b125,monogamous.lat,available,1.8,40.98,high,low,10,namecheap,,,25/08/2026 05:11
f7b8625b-8afb-4917-b9f8-8677011a07aa,affinal.lat,available,1.8,40.98,medium,low,7,namecheap,,,
1219610f-fd09-4392-ac64-6a20835adb10,knocked.lat,available,1.99,32.49,low,low,7,namesilo,,,25/09/2026 18:45
cfc1230b-eb91-400c-97c2-c5a0b2b57117,stars.lat,premium,2500,,high,low,5,name.com,,,
103ac95e-0945-4f7a-82fe-8daa481fae7b,shove.lat,available,1.99,,high,low,5,name.com,,,
bf688c60-7773-4fd5-8a1b-6afa2d688eb6,badger.lat,available,1.8,40.98,high,low,6,namecheap,,,21/09/2026 17:01
33ba7a16-5e62-435f-abfc-cdb76350fd4a,unquiet.lat,available,1.8,40.98,medium,low,7,namecheap,,,12/09/2026 17:40
81e6f329-14a3-42c6-a791-8029f7b01e41,braided.lat,available,1.8,40.98,high,low,7,namecheap,,,11/08/2026 01:28
f1a65e28-d40e-46da-a179-93447b16b062,japanese.lat,available,1.8,40.98,high,low,8,namecheap,,,22/08/2026 12:22
cd2656b2-98a8-4ecc-848e-98189078a7b8,rule.lat,premium,2600,2600,high,low,4,namecheap,,,03/09/2026 21:15
9e0a48b6-c48b-4d95-ba5c-fdecc328313f,decreed.lat,available,1.8,40.98,medium,low,7,namecheap,,,13/08/2026 22:14
691a4a38-a3c6-4e96-a229-1d6692569d85,biography.lat,available,1.8,40.98,high,low,9,namecheap,,,23/09/2026 18:09
29cf47fe-f745-4550-99bf-09fa2fb4bc05,stared.lat,available,1.8,40.98,medium,low,6,namecheap,,,18/09/2026 02:18
cc9ec86f-9353-435f-a858-9b36deca5c3b,rotter.lat,available,1.8,40.98,medium,low,6,namecheap,,,11/08/2026 09:08
67bf4030-e8d3-45f2-ae2c-51225e25adbd,uncover.lat,available,1.99,,high,low,7,name.com,,,
9c08987e-9880-4b56-b4c5-d85b65eae295,shouts.lat,available,1.99,32.49,medium,low,6,namesilo,,,18/09/2026 07:00
d4608bfc-b970-4648-a701-2970c2b6d027,attempt.lat,available,1.99,32.49,high,low,7,namesilo,,,
fd42f5dc-ada6-45ef-92ff-271dde43ca5f,nearly.lat,available,1.99,,high,low,6,name.com,,,
e763193f-513f-49c3-aaac-1fffb530d38a,tuneless.lat,available,1.8,40.98,high,low,8,namecheap,,,11/09/2026 21:05
0cdb2942-9ccf-413c-bd8c-dd2baf9b3201,aft.lat,available,1.8,40.98,high,low,3,namecheap,,,
4a451800-2478-4370-a901-c7e936d6d70e,childbirth.lat,available,1.8,40.98,high,low,10,namecheap,,,12/08/2026 05:00
c0cc8d15-4656-4512-b6a1-2c5f0953972d,sliced.lat,available,1.99,32.49,high,low,6,namesilo,,,23/09/2026 14:26
c9eb5668-53fb-4429-bded-a17222706cc4,gabble.lat,available,1.99,32.49,medium,low,6,namesilo,,,23/09/2026 23:37
24ffcc19-fc5e-4c6a-b10b-4d823a50a0c9,pestering.lat,available,1.8,40.98,medium,low,9,namecheap,,,
2becbc2f-c037-477f-9eb0-b67475a6c2c0,leaded.lat,available,1.8,40.98,medium,low,6,namecheap,,,22/08/2026 21:42
79bbc7a7-936e-4072-bcb6-cb1114bd3974,cagy.lat,available,1.8,40.98,medium,low,4,namecheap,,,11/08/2026 13:21
f323a885-2fbd-4e39-ba4c-6897bbf55fda,meridional.lat,available,1.8,40.98,medium,low,10,namecheap,,,24/08/2026 20:52
9644c90c-6080-48c8-9d2d-61f7ffe4e529,trashy.lat,available,1.8,40.98,medium,low,6,namecheap,,,18/08/2026 06:44
ba486fc7-2dc9-47ad-ac56-4347c4ec008c,faith.lat,resell,,,high,low,5,Dynadot LLC,25/09/2025 22:04,25/09/2026 23:59,
ccdd2c14-fa58-4c41-bd91-3f5f135be0b3,lugosi.lat,available,1.99,32.49,high,low,6,namesilo,,,23/09/2026 04:23
fb359ea5-158a-484c-90d9-b917696ff22e,way.lat,resell,,,high,low,3,Dynadot LLC,02/02/2026 02:26,02/02/2027 23:59,
88f060a1-8d76-4e05-9120-e514e774599b,supplicant.lat,available,1.8,40.98,medium,low,10,namecheap,,,11/09/2026 03:28
2aa5caf1-e22c-444b-ab20-bfed71cf8c51,scriabin.lat,available,1.99,32.49,high,low,8,namesilo,,,18/09/2026 05:07
05b266f1-cbcc-46f4-831c-95f0dad27b99,mutualist.lat,available,1.8,40.98,high,low,9,namecheap,,,22/08/2026 07:59
b9818608-5605-465f-91ae-b9e43623b635,leaky.lat,available,1.8,40.98,medium,low,5,namecheap,,,22/08/2026 22:01
6c6e761b-5f55-4f59-8756-d33c448d4226,always.lat,available,1.99,32.49,high,low,6,namesilo,,,
e784d825-a47a-42b9-9664-bced53efa50a,assisted.lat,available,1.99,32.49,high,low,8,namesilo,,,21/09/2026 23:41
956bd3cc-022a-4e22-a391-dfe7a69dec5b,aare.lat,available,1.99,32.49,high,low,4,namesilo,,,16/09/2026 13:18
8c42281f-8876-4282-9104-c8025663e364,religion.lat,available,1.99,,high,low,8,name.com,,,
4996d86f-beef-4b89-9eb5-9778c752cdb6,raising.lat,available,1.8,40.98,high,medium,7,namecheap,,,09/09/2026 09:53
180148e3-c3d7-4f62-8578-cdd31c6558fe,encircled.lat,available,1.8,40.98,medium,low,9,namecheap,,,16/08/2026 22:19
2d932e2c-dfe9-4b59-98a6-2b76a145584b,recruited.lat,available,1.99,32.49,medium,low,9,namesilo,,,18/09/2026 00:53
22d350a9-faf6-4ebb-8f88-7b21fee6b7f3,brimless.lat,available,1.8,40.98,medium,low,8,namecheap,,,11/08/2026 04:13
bb967879-305f-4cca-8f59-abc2dba4ab81,prisoners.lat,available,1.8,40.98,medium,low,9,namecheap,,,25/09/2026 20:27
ffe4383b-96ca-44c0-a4f6-8f90b3813779,changeling.lat,available,1.8,40.98,medium,low,10,namecheap,,,21/08/2026 20:30
d19fd2f6-bc30-411d-8880-a73df87e4862,categorial.lat,available,1.8,40.98,medium,low,10,namecheap,,,11/08/2026 21:27
631f8dee-b538-4e34-bb65-814ed1f9d46e,foundling.lat,available,1.99,32.49,medium,low,9,namesilo,,,16/09/2026 13:56
9e9afdde-ba95-46e3-9f1a-82fb173cbcb1,kicked.lat,available,1.8,40.98,high,low,6,namecheap,,,25/09/2026 19:40
7953b34a-fa46-49f0-9833-462608c1389b,playable.lat,available,1.8,40.98,high,low,8,namecheap,,,08/09/2026 20:57
62507c97-be1b-4fa6-8787-8d302985d421,phil.lat,available,1.99,,high,medium,4,name.com,,,
618ca6fe-2929-4d3d-8b99-2a3468df402f,completing.lat,available,1.8,40.98,high,low,10,namecheap,,,23/09/2026 17:20
0d5a0eec-33bd-4536-9186-e09f381d443a,finance.lat,resell,,,high,medium,7,Atom.com Domains LLC,09/09/2026 04:39,09/09/2027 23:59,23/09/2026 09:19
830633f5-63b6-4c8a-a1a2-879cdf16245b,chatbot.lat,resell,,,high,medium,7,Dynadot Inc,02/04/2026 10:34,02/04/2027 23:59,26/09/2026 04:52
401bc363-1778-40c4-b8f8-5ae28ce44936,banns.lat,available,1.99,32.49,medium,low,5,namesilo,,,22/09/2026 02:56
a6b29446-6ddc-45af-874d-f387b84732d9,explicable.lat,available,1.8,40.98,medium,low,10,namecheap,,,17/08/2026 18:23
51970d64-cb3b-40da-8527-25567b4ec0a4,backfire.lat,available,1.99,32.49,high,low,8,namesilo,,,21/09/2026 15:28